ts,datetime,open,high,low,close,volume
1775602800,2026-04-07T23:00:00+00:00,0.035,0.035,0.034,0.034,85144.82
1775606400,2026-04-08T00:00:00+00:00,0.034,0.035,0.034,0.034,15646.37
1775610000,2026-04-08T01:00:00+00:00,0.035,0.035,0.034,0.035,20648.21
1775613600,2026-04-08T02:00:00+00:00,0.035,0.035,0.034,0.034,159642.63
1775617200,2026-04-08T03:00:00+00:00,0.034,0.034,0.034,0.034,868442.67
1775620800,2026-04-08T04:00:00+00:00,0.034,0.034,0.034,0.034,12653.62
1775624400,2026-04-08T05:00:00+00:00,0.035,0.035,0.034,0.034,148728.31
1775628000,2026-04-08T06:00:00+00:00,0.034,0.034,0.033,0.034,476472.65
1775631600,2026-04-08T07:00:00+00:00,0.034,0.034,0.033,0.033,150099.89
1775635200,2026-04-08T08:00:00+00:00,0.034,0.034,0.033,0.034,715607.24
1775638800,2026-04-08T09:00:00+00:00,0.034,0.034,0.033,0.034,3060.01
1775642400,2026-04-08T10:00:00+00:00,0.034,0.034,0.033,0.034,11140.1
1775646000,2026-04-08T11:00:00+00:00,0.033,0.034,0.033,0.034,54633.83
1775649600,2026-04-08T12:00:00+00:00,0.033,0.034,0.033,0.033,179217.26
1775653200,2026-04-08T13:00:00+00:00,0.034,0.034,0.033,0.034,26699.26
1775656800,2026-04-08T14:00:00+00:00,0.033,0.033,0.033,0.033,989900.8
1775660400,2026-04-08T15:00:00+00:00,0.032,0.033,0.032,0.033,1245509.14
1775664000,2026-04-08T16:00:00+00:00,0.034,0.034,0.033,0.034,12202.17
1775671200,2026-04-08T18:00:00+00:00,0.033,0.034,0.033,0.033,7989.87
1775678400,2026-04-08T20:00:00+00:00,0.034,0.034,0.033,0.033,3540.18
1775682000,2026-04-08T21:00:00+00:00,0.034,0.034,0.033,0.033,36854.25
1775685600,2026-04-08T22:00:00+00:00,0.034,0.034,0.033,0.033,69688.34
1775689200,2026-04-08T23:00:00+00:00,0.033,0.034,0.033,0.033,1721153.81
1775692800,2026-04-09T00:00:00+00:00,0.032,0.033,0.032,0.033,3471.1
1775696400,2026-04-09T01:00:00+00:00,0.033,0.033,0.032,0.032,47911.04
1775700000,2026-04-09T02:00:00+00:00,0.033,0.033,0.032,0.033,1055195.22
1775703600,2026-04-09T03:00:00+00:00,0.032,0.033,0.032,0.033,865.65
1775710800,2026-04-09T05:00:00+00:00,0.033,0.033,0.033,0.033,226380.85
1775714400,2026-04-09T06:00:00+00:00,0.033,0.033,0.032,0.033,159892.03
1775718000,2026-04-09T07:00:00+00:00,0.033,0.034,0.032,0.034,138148.25
1775721600,2026-04-09T08:00:00+00:00,0.033,0.034,0.033,0.033,1582391.77
1775725200,2026-04-09T09:00:00+00:00,0.032,0.033,0.032,0.033,1397993.11
1775728800,2026-04-09T10:00:00+00:00,0.033,0.034,0.032,0.033,438739.09
1775732400,2026-04-09T11:00:00+00:00,0.033,0.034,0.033,0.034,1477297.97
1775736000,2026-04-09T12:00:00+00:00,0.033,0.033,0.032,0.033,1970461.99
1775739600,2026-04-09T13:00:00+00:00,0.033,0.033,0.032,0.033,16844.9
1775746800,2026-04-09T15:00:00+00:00,0.033,0.034,0.033,0.033,778439.12
1775750400,2026-04-09T16:00:00+00:00,0.033,0.034,0.033,0.034,324593.72
1775754000,2026-04-09T17:00:00+00:00,0.034,0.034,0.033,0.034,106427.64
1775757600,2026-04-09T18:00:00+00:00,0.034,0.034,0.033,0.034,4545.9
1775761200,2026-04-09T19:00:00+00:00,0.034,0.034,0.033,0.034,928075.69
1775764800,2026-04-09T20:00:00+00:00,0.034,0.035,0.034,0.035,418985.59
1775768400,2026-04-09T21:00:00+00:00,0.035,0.035,0.034,0.035,368180.6
1775772000,2026-04-09T22:00:00+00:00,0.035,0.035,0.034,0.034,987042.72
1775775600,2026-04-09T23:00:00+00:00,0.034,0.034,0.034,0.034,1603986.68
1775779200,2026-04-10T00:00:00+00:00,0.034,0.035,0.034,0.035,2028009.07
1775782800,2026-04-10T01:00:00+00:00,0.035,0.035,0.035,0.035,20711.77
1775786400,2026-04-10T02:00:00+00:00,0.035,0.035,0.034,0.034,304540.31
1775790000,2026-04-10T03:00:00+00:00,0.034,0.034,0.033,0.034,1542744.19
1775797200,2026-04-10T05:00:00+00:00,0.035,0.035,0.035,0.035,6863.48
1775800800,2026-04-10T06:00:00+00:00,0.034,0.035,0.034,0.034,35446.31
1775804400,2026-04-10T07:00:00+00:00,0.034,0.034,0.033,0.034,1105300.28
1775808000,2026-04-10T08:00:00+00:00,0.033,0.034,0.033,0.034,1319125.32
1775811600,2026-04-10T09:00:00+00:00,0.034,0.034,0.034,0.034,55450.29
1775818800,2026-04-10T11:00:00+00:00,0.034,0.035,0.034,0.035,14692.09
1775822400,2026-04-10T12:00:00+00:00,0.034,0.036,0.034,0.036,294094.4
1775826000,2026-04-10T13:00:00+00:00,0.035,0.037,0.035,0.036,3628530.57
1775829600,2026-04-10T14:00:00+00:00,0.035,0.036,0.035,0.036,409969.07
1775833200,2026-04-10T15:00:00+00:00,0.037,0.037,0.035,0.036,1467368.84
1775836800,2026-04-10T16:00:00+00:00,0.036,0.036,0.035,0.035,390448.47
1775840400,2026-04-10T17:00:00+00:00,0.035,0.035,0.035,0.035,1416214.71
1775844000,2026-04-10T18:00:00+00:00,0.035,0.036,0.035,0.036,1679909.45
1775847600,2026-04-10T19:00:00+00:00,0.036,0.036,0.035,0.035,1305.22
1775851200,2026-04-10T20:00:00+00:00,0.035,0.036,0.035,0.036,94873.53
1775854800,2026-04-10T21:00:00+00:00,0.036,0.036,0.035,0.036,4535.84
1775858400,2026-04-10T22:00:00+00:00,0.036,0.036,0.035,0.036,35209.54
1775862000,2026-04-10T23:00:00+00:00,0.036,0.036,0.035,0.035,1008311.8
1775865600,2026-04-11T00:00:00+00:00,0.035,0.035,0.034,0.034,37133.92
1775869200,2026-04-11T01:00:00+00:00,0.035,0.035,0.035,0.035,7751.03
1775876400,2026-04-11T03:00:00+00:00,0.035,0.035,0.034,0.035,6092.77
1775880000,2026-04-11T04:00:00+00:00,0.035,0.035,0.034,0.035,7550.31
1775887200,2026-04-11T06:00:00+00:00,0.035,0.035,0.034,0.035,7047.0
1775894400,2026-04-11T08:00:00+00:00,0.035,0.035,0.034,0.035,18540.92
1775898000,2026-04-11T09:00:00+00:00,0.035,0.035,0.034,0.034,985.77
1775905200,2026-04-11T11:00:00+00:00,0.034,0.035,0.034,0.035,247.6
1775908800,2026-04-11T12:00:00+00:00,0.035,0.035,0.035,0.035,283286.79
1775912400,2026-04-11T13:00:00+00:00,0.035,0.035,0.035,0.035,57661.54
1775916000,2026-04-11T14:00:00+00:00,0.034,0.035,0.034,0.035,53599.71
1775919600,2026-04-11T15:00:00+00:00,0.034,0.035,0.034,0.035,13097.81
1775923200,2026-04-11T16:00:00+00:00,0.035,0.035,0.034,0.035,1614031.86
1775926800,2026-04-11T17:00:00+00:00,0.035,0.035,0.034,0.035,35096.68
1775930400,2026-04-11T18:00:00+00:00,0.035,0.036,0.035,0.035,86839.56
1775934000,2026-04-11T19:00:00+00:00,0.035,0.036,0.035,0.036,3708.33
1775937600,2026-04-11T20:00:00+00:00,0.035,0.036,0.035,0.036,21046.46
1775944800,2026-04-11T22:00:00+00:00,0.036,0.036,0.035,0.035,78671.59
1775948400,2026-04-11T23:00:00+00:00,0.035,0.035,0.035,0.035,75077.94
1775952000,2026-04-12T00:00:00+00:00,0.035,0.036,0.035,0.036,36080.52
1775955600,2026-04-12T01:00:00+00:00,0.035,0.035,0.034,0.034,975785.1
1775959200,2026-04-12T02:00:00+00:00,0.033,0.035,0.033,0.034,958343.99
1775962800,2026-04-12T03:00:00+00:00,0.034,0.034,0.033,0.033,1221741.89
1775966400,2026-04-12T04:00:00+00:00,0.034,0.034,0.034,0.034,1660.81
1775970000,2026-04-12T05:00:00+00:00,0.034,0.034,0.034,0.034,3623.7
1775977200,2026-04-12T07:00:00+00:00,0.034,0.034,0.034,0.034,1022.99
1775984400,2026-04-12T09:00:00+00:00,0.034,0.034,0.033,0.033,220638.99
1775995200,2026-04-12T12:00:00+00:00,0.033,0.034,0.033,0.034,548393.37
1776002400,2026-04-12T14:00:00+00:00,0.034,0.034,0.033,0.033,2634.26
1776006000,2026-04-12T15:00:00+00:00,0.033,0.034,0.033,0.034,9836.89
1776009600,2026-04-12T16:00:00+00:00,0.033,0.034,0.033,0.034,9005.39
1776013200,2026-04-12T17:00:00+00:00,0.034,0.034,0.033,0.033,23126.66
1776016800,2026-04-12T18:00:00+00:00,0.034,0.034,0.034,0.034,1803.69
1776024000,2026-04-12T20:00:00+00:00,0.033,0.034,0.033,0.033,71835.69
1776027600,2026-04-12T21:00:00+00:00,0.033,0.033,0.033,0.033,563260.95
1776031200,2026-04-12T22:00:00+00:00,0.033,0.034,0.033,0.033,646186.65
1776034800,2026-04-12T23:00:00+00:00,0.033,0.034,0.032,0.033,336979.72
1776038400,2026-04-13T00:00:00+00:00,0.033,0.034,0.033,0.034,796938.8
1776042000,2026-04-13T01:00:00+00:00,0.034,0.034,0.034,0.034,11780.2
1776045600,2026-04-13T02:00:00+00:00,0.034,0.034,0.033,0.033,1221.37
1776049200,2026-04-13T03:00:00+00:00,0.034,0.034,0.034,0.034,161.76
1776052800,2026-04-13T04:00:00+00:00,0.033,0.033,0.033,0.033,1204383.16
1776056400,2026-04-13T05:00:00+00:00,0.033,0.034,0.032,0.034,204581.37
1776060000,2026-04-13T06:00:00+00:00,0.034,0.034,0.033,0.033,4324.01
1776063600,2026-04-13T07:00:00+00:00,0.034,0.034,0.033,0.033,453765.93
1776067200,2026-04-13T08:00:00+00:00,0.033,0.033,0.033,0.033,1124966.31
1776070800,2026-04-13T09:00:00+00:00,0.033,0.033,0.033,0.033,716517.71
1776074400,2026-04-13T10:00:00+00:00,0.033,0.033,0.033,0.033,989564.0
1776078000,2026-04-13T11:00:00+00:00,0.033,0.033,0.032,0.033,88248.36
1776081600,2026-04-13T12:00:00+00:00,0.033,0.033,0.032,0.033,326612.53
1776085200,2026-04-13T13:00:00+00:00,0.032,0.033,0.032,0.033,63582.74
1776088800,2026-04-13T14:00:00+00:00,0.033,0.033,0.033,0.033,1290063.93
1776092400,2026-04-13T15:00:00+00:00,0.033,0.033,0.033,0.033,1253952.87
1776096000,2026-04-13T16:00:00+00:00,0.032,0.033,0.032,0.032,253259.8
1776099600,2026-04-13T17:00:00+00:00,0.033,0.034,0.032,0.033,419674.91
1776103200,2026-04-13T18:00:00+00:00,0.033,0.033,0.032,0.032,159117.82
1776106800,2026-04-13T19:00:00+00:00,0.033,0.033,0.032,0.033,648895.48
1776110400,2026-04-13T20:00:00+00:00,0.032,0.033,0.032,0.033,200646.56
1776117600,2026-04-13T22:00:00+00:00,0.033,0.034,0.033,0.034,282033.7
1776121200,2026-04-13T23:00:00+00:00,0.034,0.034,0.033,0.033,462135.63
1776124800,2026-04-14T00:00:00+00:00,0.033,0.034,0.033,0.033,122714.02
1776128400,2026-04-14T01:00:00+00:00,0.033,0.033,0.033,0.033,28212.16
1776132000,2026-04-14T02:00:00+00:00,0.033,0.034,0.033,0.033,23818.23
1776135600,2026-04-14T03:00:00+00:00,0.034,0.034,0.033,0.033,861707.9
1776139200,2026-04-14T04:00:00+00:00,0.033,0.033,0.033,0.033,23808.86
1776142800,2026-04-14T05:00:00+00:00,0.033,0.033,0.032,0.033,1067587.21
1776146400,2026-04-14T06:00:00+00:00,0.033,0.034,0.032,0.033,360780.47
1776150000,2026-04-14T07:00:00+00:00,0.034,0.034,0.033,0.033,28299.52
1776153600,2026-04-14T08:00:00+00:00,0.034,0.034,0.033,0.034,66328.59
1776157200,2026-04-14T09:00:00+00:00,0.033,0.034,0.033,0.034,39211.36
1776160800,2026-04-14T10:00:00+00:00,0.033,0.034,0.033,0.033,102921.67
1776164400,2026-04-14T11:00:00+00:00,0.033,0.034,0.033,0.033,23758.15
1776168000,2026-04-14T12:00:00+00:00,0.033,0.034,0.033,0.033,1173117.41
1776171600,2026-04-14T13:00:00+00:00,0.033,0.033,0.033,0.033,33000.62
1776175200,2026-04-14T14:00:00+00:00,0.034,0.034,0.033,0.033,105892.29
1776178800,2026-04-14T15:00:00+00:00,0.033,0.034,0.033,0.033,29295.69
1776182400,2026-04-14T16:00:00+00:00,0.033,0.033,0.033,0.033,94254.04
1776186000,2026-04-14T17:00:00+00:00,0.033,0.034,0.032,0.032,459916.88
1776189600,2026-04-14T18:00:00+00:00,0.032,0.033,0.032,0.032,90145.63
1776193200,2026-04-14T19:00:00+00:00,0.032,0.033,0.032,0.032,25705.79
1776196800,2026-04-14T20:00:00+00:00,0.032,0.033,0.032,0.032,22423.29
1776200400,2026-04-14T21:00:00+00:00,0.032,0.032,0.032,0.032,23531.99
1776204000,2026-04-14T22:00:00+00:00,0.032,0.033,0.032,0.032,35594.29
1776207600,2026-04-14T23:00:00+00:00,0.032,0.032,0.032,0.032,21923.22
1776211200,2026-04-15T00:00:00+00:00,0.032,0.032,0.032,0.032,83698.71
1776214800,2026-04-15T01:00:00+00:00,0.032,0.033,0.032,0.032,25369.85
1776218400,2026-04-15T02:00:00+00:00,0.033,0.033,0.032,0.032,85467.0
1776222000,2026-04-15T03:00:00+00:00,0.032,0.033,0.032,0.033,25079.16
1776225600,2026-04-15T04:00:00+00:00,0.032,0.033,0.032,0.032,55104.54
1776229200,2026-04-15T05:00:00+00:00,0.032,0.033,0.032,0.032,723240.47
1776232800,2026-04-15T06:00:00+00:00,0.032,0.032,0.032,0.032,23589.11
1776236400,2026-04-15T07:00:00+00:00,0.032,0.033,0.032,0.032,35724.14
1776240000,2026-04-15T08:00:00+00:00,0.032,0.033,0.032,0.032,80471.41
1776243600,2026-04-15T09:00:00+00:00,0.032,0.033,0.032,0.032,30087.48
1776247200,2026-04-15T10:00:00+00:00,0.032,0.033,0.032,0.032,23494.51
1776250800,2026-04-15T11:00:00+00:00,0.032,0.033,0.032,0.033,1023068.51
1776254400,2026-04-15T12:00:00+00:00,0.032,0.034,0.032,0.033,659036.98
1776258000,2026-04-15T13:00:00+00:00,0.033,0.034,0.033,0.033,1622557.73
1776261600,2026-04-15T14:00:00+00:00,0.033,0.034,0.033,0.033,32012.61
1776265200,2026-04-15T15:00:00+00:00,0.033,0.034,0.033,0.033,38702.47
1776268800,2026-04-15T16:00:00+00:00,0.034,0.034,0.033,0.033,73975.98
1776272400,2026-04-15T17:00:00+00:00,0.033,0.034,0.033,0.034,97699.12
1776276000,2026-04-15T18:00:00+00:00,0.034,0.034,0.033,0.033,267974.02
1776279600,2026-04-15T19:00:00+00:00,0.033,0.035,0.033,0.034,390755.98
1776283200,2026-04-15T20:00:00+00:00,0.034,0.035,0.034,0.034,29150.54
1776286800,2026-04-15T21:00:00+00:00,0.034,0.035,0.033,0.034,954539.05
1776290400,2026-04-15T22:00:00+00:00,0.034,0.035,0.034,0.034,177583.27
1776294000,2026-04-15T23:00:00+00:00,0.034,0.035,0.034,0.034,22724.32
1776297600,2026-04-16T00:00:00+00:00,0.034,0.034,0.034,0.034,23489.03
1776301200,2026-04-16T01:00:00+00:00,0.034,0.036,0.034,0.036,1350722.25
1776304800,2026-04-16T02:00:00+00:00,0.036,0.036,0.035,0.035,496444.07
1776308400,2026-04-16T03:00:00+00:00,0.035,0.036,0.035,0.035,86459.23
1776312000,2026-04-16T04:00:00+00:00,0.035,0.036,0.035,0.035,34532.52
1776315600,2026-04-16T05:00:00+00:00,0.035,0.036,0.035,0.035,25125.86
1776319200,2026-04-16T06:00:00+00:00,0.035,0.036,0.035,0.035,26883.49
1776322800,2026-04-16T07:00:00+00:00,0.035,0.036,0.035,0.035,148896.83
1776326400,2026-04-16T08:00:00+00:00,0.036,0.036,0.034,0.034,233186.63
1776330000,2026-04-16T09:00:00+00:00,0.034,0.035,0.034,0.035,735260.89
1776333600,2026-04-16T10:00:00+00:00,0.035,0.035,0.034,0.034,29025.37
1776337200,2026-04-16T11:00:00+00:00,0.034,0.035,0.034,0.034,760721.67
1776340800,2026-04-16T12:00:00+00:00,0.034,0.035,0.034,0.034,275012.02
1776344400,2026-04-16T13:00:00+00:00,0.034,0.036,0.034,0.034,1918172.0
1776348000,2026-04-16T14:00:00+00:00,0.034,0.035,0.033,0.034,1260477.89
1776351600,2026-04-16T15:00:00+00:00,0.034,0.036,0.034,0.035,1185871.52
1776355200,2026-04-16T16:00:00+00:00,0.035,0.037,0.035,0.035,1404015.77
1776358800,2026-04-16T17:00:00+00:00,0.035,0.037,0.035,0.035,840430.65
1776362400,2026-04-16T18:00:00+00:00,0.036,0.037,0.035,0.036,122645.83
1776366000,2026-04-16T19:00:00+00:00,0.037,0.038,0.036,0.037,2454919.26
1776369600,2026-04-16T20:00:00+00:00,0.037,0.038,0.036,0.036,202681.9
1776373200,2026-04-16T21:00:00+00:00,0.036,0.037,0.036,0.036,113217.14
1776376800,2026-04-16T22:00:00+00:00,0.036,0.037,0.036,0.036,48294.69
1776380400,2026-04-16T23:00:00+00:00,0.036,0.037,0.036,0.036,161433.38
1776384000,2026-04-17T00:00:00+00:00,0.036,0.037,0.036,0.036,130111.41
1776387600,2026-04-17T01:00:00+00:00,0.036,0.037,0.036,0.036,47383.26
1776391200,2026-04-17T02:00:00+00:00,0.036,0.037,0.035,0.036,1134560.12
1776394800,2026-04-17T03:00:00+00:00,0.036,0.037,0.036,0.036,212935.34
1776398400,2026-04-17T04:00:00+00:00,0.036,0.036,0.036,0.036,50790.0
1776402000,2026-04-17T05:00:00+00:00,0.036,0.036,0.035,0.035,102369.19
1776405600,2026-04-17T06:00:00+00:00,0.035,0.036,0.035,0.036,1124692.1
1776409200,2026-04-17T07:00:00+00:00,0.036,0.038,0.036,0.037,659117.23
1776412800,2026-04-17T08:00:00+00:00,0.037,0.038,0.036,0.036,1712077.39
1776416400,2026-04-17T09:00:00+00:00,0.036,0.037,0.036,0.036,48114.61
1776420000,2026-04-17T10:00:00+00:00,0.036,0.036,0.035,0.035,129116.69
1776423600,2026-04-17T11:00:00+00:00,0.035,0.037,0.035,0.036,1254479.25
1776427200,2026-04-17T12:00:00+00:00,0.036,0.037,0.036,0.036,49372.23
1776430800,2026-04-17T13:00:00+00:00,0.036,0.038,0.036,0.037,163066.12
1776434400,2026-04-17T14:00:00+00:00,0.037,0.038,0.037,0.037,414336.95
1776438000,2026-04-17T15:00:00+00:00,0.037,0.038,0.037,0.037,1368213.11
1776441600,2026-04-17T16:00:00+00:00,0.037,0.038,0.037,0.037,68017.1
1776445200,2026-04-17T17:00:00+00:00,0.037,0.038,0.037,0.037,29939.55
1776448800,2026-04-17T18:00:00+00:00,0.037,0.038,0.037,0.037,804156.4
1776452400,2026-04-17T19:00:00+00:00,0.037,0.038,0.037,0.037,24971.92
1776456000,2026-04-17T20:00:00+00:00,0.037,0.038,0.037,0.037,25036.86
1776459600,2026-04-17T21:00:00+00:00,0.038,0.038,0.037,0.037,29140.62
1776463200,2026-04-17T22:00:00+00:00,0.038,0.038,0.037,0.037,31558.91
1776466800,2026-04-17T23:00:00+00:00,0.037,0.037,0.036,0.037,916166.53
1776470400,2026-04-18T00:00:00+00:00,0.037,0.038,0.036,0.038,819087.59
1776474000,2026-04-18T01:00:00+00:00,0.037,0.038,0.036,0.036,757884.05
1776477600,2026-04-18T02:00:00+00:00,0.036,0.038,0.036,0.036,917990.99
1776481200,2026-04-18T03:00:00+00:00,0.037,0.037,0.036,0.036,26909.62
1776484800,2026-04-18T04:00:00+00:00,0.036,0.037,0.036,0.036,42936.08
1776488400,2026-04-18T05:00:00+00:00,0.036,0.038,0.036,0.037,399551.5
1776492000,2026-04-18T06:00:00+00:00,0.037,0.038,0.037,0.037,357544.18
1776495600,2026-04-18T07:00:00+00:00,0.037,0.038,0.037,0.037,23592.96
1776499200,2026-04-18T08:00:00+00:00,0.037,0.037,0.036,0.036,1805509.81
1776502800,2026-04-18T09:00:00+00:00,0.037,0.037,0.036,0.036,52037.14
1776506400,2026-04-18T10:00:00+00:00,0.037,0.037,0.035,0.035,631168.76
1776510000,2026-04-18T11:00:00+00:00,0.035,0.036,0.035,0.035,43042.27
1776513600,2026-04-18T12:00:00+00:00,0.035,0.036,0.035,0.035,36083.42
1776517200,2026-04-18T13:00:00+00:00,0.035,0.036,0.035,0.035,84043.08
1776520800,2026-04-18T14:00:00+00:00,0.035,0.036,0.035,0.035,438672.21
1776524400,2026-04-18T15:00:00+00:00,0.035,0.036,0.035,0.035,25699.98
1776528000,2026-04-18T16:00:00+00:00,0.036,0.036,0.035,0.035,455344.57
1776531600,2026-04-18T17:00:00+00:00,0.035,0.036,0.035,0.035,826398.33
1776535200,2026-04-18T18:00:00+00:00,0.035,0.036,0.035,0.035,26707.1
1776538800,2026-04-18T19:00:00+00:00,0.035,0.036,0.035,0.035,33346.21
1776542400,2026-04-18T20:00:00+00:00,0.035,0.036,0.035,0.035,56661.53
1776546000,2026-04-18T21:00:00+00:00,0.035,0.036,0.035,0.035,368011.12
1776549600,2026-04-18T22:00:00+00:00,0.035,0.036,0.035,0.035,22982.73
1776553200,2026-04-18T23:00:00+00:00,0.035,0.036,0.035,0.035,49197.69
1776556800,2026-04-19T00:00:00+00:00,0.036,0.036,0.035,0.035,25885.44
1776560400,2026-04-19T01:00:00+00:00,0.035,0.036,0.035,0.035,25367.85
1776564000,2026-04-19T02:00:00+00:00,0.035,0.035,0.034,0.034,1528622.73
1776567600,2026-04-19T03:00:00+00:00,0.034,0.036,0.034,0.034,1704193.45
1776571200,2026-04-19T04:00:00+00:00,0.034,0.036,0.034,0.035,592558.83
1776574800,2026-04-19T05:00:00+00:00,0.035,0.036,0.034,0.034,128553.94
1776578400,2026-04-19T06:00:00+00:00,0.034,0.036,0.034,0.036,730816.81
1776582000,2026-04-19T07:00:00+00:00,0.035,0.036,0.034,0.035,1203190.65
1776585600,2026-04-19T08:00:00+00:00,0.034,0.036,0.034,0.035,515502.2
1776589200,2026-04-19T09:00:00+00:00,0.035,0.035,0.034,0.034,206384.95
1776592800,2026-04-19T10:00:00+00:00,0.035,0.035,0.034,0.034,30820.3
1776596400,2026-04-19T11:00:00+00:00,0.034,0.035,0.034,0.035,742044.86
1776600000,2026-04-19T12:00:00+00:00,0.035,0.036,0.035,0.035,1527988.76
1776603600,2026-04-19T13:00:00+00:00,0.036,0.036,0.035,0.035,38491.07
1776607200,2026-04-19T14:00:00+00:00,0.036,0.036,0.035,0.035,30032.07
1776610800,2026-04-19T15:00:00+00:00,0.035,0.035,0.034,0.035,1692020.59
1776614400,2026-04-19T16:00:00+00:00,0.034,0.035,0.034,0.034,23628.31
1776618000,2026-04-19T17:00:00+00:00,0.034,0.035,0.034,0.034,27034.27
1776621600,2026-04-19T18:00:00+00:00,0.034,0.035,0.034,0.034,24129.68
1776625200,2026-04-19T19:00:00+00:00,0.034,0.035,0.034,0.034,26820.95
1776628800,2026-04-19T20:00:00+00:00,0.034,0.034,0.034,0.034,263754.5
1776632400,2026-04-19T21:00:00+00:00,0.034,0.035,0.034,0.034,24721.52
1776636000,2026-04-19T22:00:00+00:00,0.034,0.035,0.033,0.033,1704865.01
1776639600,2026-04-19T23:00:00+00:00,0.033,0.034,0.033,0.034,1169384.95
1776643200,2026-04-20T00:00:00+00:00,0.034,0.035,0.034,0.034,746982.29
1776646800,2026-04-20T01:00:00+00:00,0.034,0.035,0.034,0.034,22903.87
1776650400,2026-04-20T02:00:00+00:00,0.034,0.035,0.034,0.034,69526.98
1776654000,2026-04-20T03:00:00+00:00,0.034,0.035,0.034,0.034,23608.18
1776657600,2026-04-20T04:00:00+00:00,0.034,0.035,0.034,0.035,25035.93
1776661200,2026-04-20T05:00:00+00:00,0.034,0.035,0.034,0.034,35079.12
1776664800,2026-04-20T06:00:00+00:00,0.034,0.034,0.034,0.034,23489.07
1776668400,2026-04-20T07:00:00+00:00,0.034,0.035,0.034,0.034,1077969.8
1776672000,2026-04-20T08:00:00+00:00,0.034,0.035,0.034,0.034,36322.33
1776675600,2026-04-20T09:00:00+00:00,0.034,0.035,0.034,0.034,78245.43
1776679200,2026-04-20T10:00:00+00:00,0.034,0.036,0.034,0.034,1105064.47
1776682800,2026-04-20T11:00:00+00:00,0.034,0.035,0.034,0.034,103400.18
1776686400,2026-04-20T12:00:00+00:00,0.034,0.035,0.034,0.035,358905.49
1776690000,2026-04-20T13:00:00+00:00,0.035,0.035,0.035,0.035,1014794.37
1776693600,2026-04-20T14:00:00+00:00,0.036,0.036,0.035,0.035,667264.6
1776697200,2026-04-20T15:00:00+00:00,0.034,0.036,0.034,0.035,703004.22
1776700800,2026-04-20T16:00:00+00:00,0.035,0.036,0.035,0.035,24814.86
1776704400,2026-04-20T17:00:00+00:00,0.036,0.037,0.035,0.036,1436690.05
1776708000,2026-04-20T18:00:00+00:00,0.036,0.037,0.036,0.036,49402.54
1776711600,2026-04-20T19:00:00+00:00,0.036,0.037,0.036,0.036,1427246.84
1776715200,2026-04-20T20:00:00+00:00,0.036,0.037,0.036,0.037,249298.54
1776718800,2026-04-20T21:00:00+00:00,0.037,0.037,0.036,0.036,481932.2
1776722400,2026-04-20T22:00:00+00:00,0.036,0.037,0.036,0.036,88603.02
1776726000,2026-04-20T23:00:00+00:00,0.036,0.037,0.036,0.036,2098799.7
1776729600,2026-04-21T00:00:00+00:00,0.036,0.037,0.036,0.036,238110.8
1776733200,2026-04-21T01:00:00+00:00,0.036,0.036,0.036,0.036,16782.86
1776736800,2026-04-21T02:00:00+00:00,0.036,0.037,0.036,0.036,25943.56
1776740400,2026-04-21T03:00:00+00:00,0.036,0.037,0.036,0.036,399870.92
1776744000,2026-04-21T04:00:00+00:00,0.036,0.037,0.036,0.036,227132.21
1776747600,2026-04-21T05:00:00+00:00,0.036,0.037,0.036,0.036,134287.07
1776751200,2026-04-21T06:00:00+00:00,0.036,0.037,0.036,0.036,28438.86
1776754800,2026-04-21T07:00:00+00:00,0.036,0.037,0.036,0.036,45685.18
1776758400,2026-04-21T08:00:00+00:00,0.036,0.037,0.036,0.036,17150.91
1776762000,2026-04-21T09:00:00+00:00,0.037,0.038,0.036,0.038,401369.44
1776765600,2026-04-21T10:00:00+00:00,0.037,0.038,0.037,0.037,2818671.15
1776769200,2026-04-21T11:00:00+00:00,0.037,0.038,0.036,0.037,1536672.57
1776772800,2026-04-21T12:00:00+00:00,0.037,0.038,0.036,0.036,458820.48
1776776400,2026-04-21T13:00:00+00:00,0.036,0.037,0.036,0.036,30279.82
1776780000,2026-04-21T14:00:00+00:00,0.036,0.037,0.036,0.036,1371754.7
1776783600,2026-04-21T15:00:00+00:00,0.036,0.037,0.036,0.036,55507.6
1776787200,2026-04-21T16:00:00+00:00,0.036,0.036,0.036,0.036,968441.65
1776790800,2026-04-21T17:00:00+00:00,0.037,0.037,0.036,0.036,11341.54
1776794400,2026-04-21T18:00:00+00:00,0.037,0.037,0.036,0.036,36548.06
1776798000,2026-04-21T19:00:00+00:00,0.037,0.037,0.036,0.036,852.47
1776801600,2026-04-21T20:00:00+00:00,0.037,0.038,0.037,0.038,313657.6
1776805200,2026-04-21T21:00:00+00:00,0.037,0.038,0.037,0.038,583317.32
1776808800,2026-04-21T22:00:00+00:00,0.038,0.038,0.037,0.037,28743.88
1776812400,2026-04-21T23:00:00+00:00,0.038,0.038,0.037,0.038,46762.31
1776816000,2026-04-22T00:00:00+00:00,0.038,0.039,0.038,0.039,384115.88
1776819600,2026-04-22T01:00:00+00:00,0.039,0.039,0.038,0.039,588908.64
1776823200,2026-04-22T02:00:00+00:00,0.039,0.041,0.038,0.041,2665475.37
1776826800,2026-04-22T03:00:00+00:00,0.041,0.042,0.04,0.042,2599992.77
1776830400,2026-04-22T04:00:00+00:00,0.042,0.043,0.041,0.042,3853646.41
1776834000,2026-04-22T05:00:00+00:00,0.042,0.042,0.04,0.04,2223665.01
1776837600,2026-04-22T06:00:00+00:00,0.04,0.041,0.04,0.041,106021.31
1776841200,2026-04-22T07:00:00+00:00,0.041,0.041,0.039,0.04,1033712.92
1776844800,2026-04-22T08:00:00+00:00,0.04,0.041,0.04,0.041,1545245.88
1776848400,2026-04-22T09:00:00+00:00,0.04,0.041,0.04,0.04,173150.55
1776852000,2026-04-22T10:00:00+00:00,0.04,0.041,0.04,0.041,1023572.7
1776855600,2026-04-22T11:00:00+00:00,0.042,0.042,0.04,0.041,1126921.84
1776859200,2026-04-22T12:00:00+00:00,0.04,0.042,0.04,0.042,2099792.55
1776862800,2026-04-22T13:00:00+00:00,0.042,0.043,0.041,0.041,1207441.97
1776866400,2026-04-22T14:00:00+00:00,0.041,0.041,0.04,0.041,506227.18
1776870000,2026-04-22T15:00:00+00:00,0.041,0.042,0.04,0.042,522992.14
1776873600,2026-04-22T16:00:00+00:00,0.042,0.045,0.042,0.045,3067131.76
1776877200,2026-04-22T17:00:00+00:00,0.045,0.045,0.042,0.043,1463003.91
1776880800,2026-04-22T18:00:00+00:00,0.042,0.044,0.042,0.043,2556758.91
1776884400,2026-04-22T19:00:00+00:00,0.043,0.043,0.042,0.043,1833235.06
1776888000,2026-04-22T20:00:00+00:00,0.043,0.044,0.042,0.044,212150.12
1776891600,2026-04-22T21:00:00+00:00,0.043,0.047,0.043,0.047,1903665.05
1776895200,2026-04-22T22:00:00+00:00,0.047,0.047,0.045,0.047,1434777.88
1776898800,2026-04-22T23:00:00+00:00,0.047,0.047,0.045,0.046,1981521.04
1776902400,2026-04-23T00:00:00+00:00,0.046,0.047,0.045,0.046,3335139.34
1776906000,2026-04-23T01:00:00+00:00,0.046,0.047,0.045,0.046,1174494.85
1776909600,2026-04-23T02:00:00+00:00,0.045,0.047,0.045,0.047,3714699.74
1776913200,2026-04-23T03:00:00+00:00,0.047,0.048,0.046,0.046,3229755.9
1776916800,2026-04-23T04:00:00+00:00,0.046,0.049,0.046,0.049,1251075.93
1776920400,2026-04-23T05:00:00+00:00,0.049,0.05,0.048,0.049,3848367.42
1776924000,2026-04-23T06:00:00+00:00,0.049,0.051,0.048,0.05,2649406.36
1776927600,2026-04-23T07:00:00+00:00,0.05,0.05,0.046,0.047,2123387.2
1776931200,2026-04-23T08:00:00+00:00,0.047,0.047,0.045,0.046,1227180.41
1776934800,2026-04-23T09:00:00+00:00,0.046,0.046,0.042,0.043,1399585.92
1776938400,2026-04-23T10:00:00+00:00,0.043,0.044,0.042,0.044,1241621.5
1776942000,2026-04-23T11:00:00+00:00,0.043,0.044,0.042,0.043,1582981.21
1776945600,2026-04-23T12:00:00+00:00,0.043,0.043,0.042,0.042,2565812.96
1776949200,2026-04-23T13:00:00+00:00,0.042,0.043,0.042,0.042,259495.61
1776952800,2026-04-23T14:00:00+00:00,0.042,0.044,0.042,0.044,1748510.49
1776956400,2026-04-23T15:00:00+00:00,0.043,0.044,0.043,0.044,320604.77
1776960000,2026-04-23T16:00:00+00:00,0.044,0.044,0.042,0.043,838069.91
1776963600,2026-04-23T17:00:00+00:00,0.043,0.043,0.041,0.042,3197508.0
1776967200,2026-04-23T18:00:00+00:00,0.042,0.043,0.042,0.042,574294.21
1776970800,2026-04-23T19:00:00+00:00,0.042,0.043,0.041,0.042,1685656.82
1776974400,2026-04-23T20:00:00+00:00,0.042,0.043,0.042,0.042,715200.9
1776978000,2026-04-23T21:00:00+00:00,0.042,0.043,0.042,0.042,1429562.08
1776981600,2026-04-23T22:00:00+00:00,0.042,0.043,0.042,0.043,376194.29
1776985200,2026-04-23T23:00:00+00:00,0.043,0.043,0.042,0.042,289925.33
1776988800,2026-04-24T00:00:00+00:00,0.042,0.043,0.042,0.042,15740.6
1776992400,2026-04-24T01:00:00+00:00,0.043,0.043,0.042,0.043,25195.78
1776996000,2026-04-24T02:00:00+00:00,0.043,0.044,0.042,0.044,680087.9
1776999600,2026-04-24T03:00:00+00:00,0.044,0.044,0.042,0.043,1543628.04
1777003200,2026-04-24T04:00:00+00:00,0.043,0.044,0.042,0.044,247261.44
1777006800,2026-04-24T05:00:00+00:00,0.043,0.044,0.043,0.043,970588.11
1777010400,2026-04-24T06:00:00+00:00,0.043,0.044,0.043,0.043,1874512.7
1777014000,2026-04-24T07:00:00+00:00,0.043,0.043,0.042,0.043,361872.11
1777017600,2026-04-24T08:00:00+00:00,0.043,0.043,0.042,0.043,121433.79
1777021200,2026-04-24T09:00:00+00:00,0.042,0.043,0.041,0.042,841717.46
1777024800,2026-04-24T10:00:00+00:00,0.042,0.043,0.042,0.043,217369.78
1777028400,2026-04-24T11:00:00+00:00,0.042,0.043,0.042,0.042,342104.36
1777032000,2026-04-24T12:00:00+00:00,0.042,0.042,0.041,0.041,280013.78
1777035600,2026-04-24T13:00:00+00:00,0.041,0.042,0.041,0.042,1292102.66
1777039200,2026-04-24T14:00:00+00:00,0.042,0.042,0.041,0.041,462805.88
1777042800,2026-04-24T15:00:00+00:00,0.042,0.042,0.041,0.042,25832.39
1777046400,2026-04-24T16:00:00+00:00,0.042,0.042,0.041,0.041,2439632.64
1777050000,2026-04-24T17:00:00+00:00,0.042,0.042,0.041,0.041,224570.83
1777053600,2026-04-24T18:00:00+00:00,0.042,0.042,0.041,0.042,8150.14
1777057200,2026-04-24T19:00:00+00:00,0.042,0.042,0.041,0.042,20275.35
1777060800,2026-04-24T20:00:00+00:00,0.042,0.042,0.041,0.042,1500316.69
1777064400,2026-04-24T21:00:00+00:00,0.041,0.042,0.041,0.041,1486232.2
1777068000,2026-04-24T22:00:00+00:00,0.041,0.041,0.04,0.04,669456.67
1777071600,2026-04-24T23:00:00+00:00,0.041,0.041,0.04,0.041,5348.82
1777075200,2026-04-25T00:00:00+00:00,0.04,0.041,0.04,0.04,1691068.08
1777078800,2026-04-25T01:00:00+00:00,0.041,0.041,0.04,0.04,2959.1
1777082400,2026-04-25T02:00:00+00:00,0.04,0.042,0.04,0.04,903861.12
1777086000,2026-04-25T03:00:00+00:00,0.041,0.041,0.04,0.04,14183.4
1777089600,2026-04-25T04:00:00+00:00,0.041,0.041,0.04,0.04,21549.49
1777093200,2026-04-25T05:00:00+00:00,0.041,0.041,0.04,0.04,47398.09
1777096800,2026-04-25T06:00:00+00:00,0.04,0.041,0.04,0.041,138523.2
1777100400,2026-04-25T07:00:00+00:00,0.041,0.041,0.039,0.04,376226.87
1777104000,2026-04-25T08:00:00+00:00,0.04,0.041,0.04,0.041,1341484.25
1777107600,2026-04-25T09:00:00+00:00,0.041,0.041,0.04,0.04,10583.15
1777111200,2026-04-25T10:00:00+00:00,0.041,0.041,0.04,0.041,1049175.07
1777114800,2026-04-25T11:00:00+00:00,0.041,0.042,0.04,0.04,1600996.37
1777118400,2026-04-25T12:00:00+00:00,0.04,0.041,0.04,0.04,40481.9
1777122000,2026-04-25T13:00:00+00:00,0.04,0.041,0.04,0.041,271199.76
1777125600,2026-04-25T14:00:00+00:00,0.04,0.041,0.04,0.04,147195.92
1777129200,2026-04-25T15:00:00+00:00,0.04,0.041,0.04,0.04,52541.97
1777132800,2026-04-25T16:00:00+00:00,0.04,0.041,0.04,0.04,260538.36
1777136400,2026-04-25T17:00:00+00:00,0.041,0.041,0.04,0.04,40676.05
1777140000,2026-04-25T18:00:00+00:00,0.041,0.041,0.04,0.041,4470.38
1777143600,2026-04-25T19:00:00+00:00,0.041,0.041,0.04,0.04,93317.68
1777147200,2026-04-25T20:00:00+00:00,0.04,0.041,0.04,0.041,4902.0
1777150800,2026-04-25T21:00:00+00:00,0.04,0.041,0.04,0.04,20102.43
1777154400,2026-04-25T22:00:00+00:00,0.041,0.041,0.04,0.04,808330.44
1777158000,2026-04-25T23:00:00+00:00,0.04,0.04,0.04,0.04,1820.25
1777161600,2026-04-26T00:00:00+00:00,0.041,0.041,0.04,0.041,12528.59
1777165200,2026-04-26T01:00:00+00:00,0.04,0.04,0.04,0.04,10912.08
1777168800,2026-04-26T02:00:00+00:00,0.041,0.041,0.04,0.04,2145178.17
1777172400,2026-04-26T03:00:00+00:00,0.04,0.041,0.04,0.04,406383.65
1777176000,2026-04-26T04:00:00+00:00,0.041,0.041,0.04,0.04,22571.6
1777179600,2026-04-26T05:00:00+00:00,0.041,0.041,0.04,0.041,867.84
1777183200,2026-04-26T06:00:00+00:00,0.04,0.041,0.04,0.04,76676.36
1777186800,2026-04-26T07:00:00+00:00,0.04,0.041,0.04,0.04,6005.8
1777190400,2026-04-26T08:00:00+00:00,0.041,0.041,0.04,0.04,665.48
1777194000,2026-04-26T09:00:00+00:00,0.04,0.041,0.04,0.041,24414.91
1777197600,2026-04-26T10:00:00+00:00,0.041,0.041,0.041,0.041,11257.45
1777201200,2026-04-26T11:00:00+00:00,0.041,0.041,0.04,0.041,16263.59
1777204800,2026-04-26T12:00:00+00:00,0.041,0.041,0.04,0.041,91118.68
1777208400,2026-04-26T13:00:00+00:00,0.041,0.041,0.04,0.041,1378.96
1777212000,2026-04-26T14:00:00+00:00,0.04,0.041,0.04,0.04,4720.28
1777215600,2026-04-26T15:00:00+00:00,0.04,0.04,0.04,0.04,4579.9
1777219200,2026-04-26T16:00:00+00:00,0.041,0.041,0.04,0.04,9722.96
1777222800,2026-04-26T17:00:00+00:00,0.041,0.041,0.04,0.04,12849.23
1777226400,2026-04-26T18:00:00+00:00,0.04,0.041,0.04,0.041,123877.51
1777233600,2026-04-26T20:00:00+00:00,0.041,0.041,0.041,0.041,2631.59
1777237200,2026-04-26T21:00:00+00:00,0.04,0.04,0.039,0.04,645410.75
1777240800,2026-04-26T22:00:00+00:00,0.041,0.041,0.039,0.04,875041.64
1777244400,2026-04-26T23:00:00+00:00,0.04,0.04,0.039,0.04,1768773.76
1777248000,2026-04-27T00:00:00+00:00,0.039,0.04,0.039,0.04,598031.2
1777251600,2026-04-27T01:00:00+00:00,0.04,0.041,0.04,0.04,70398.78
1777255200,2026-04-27T02:00:00+00:00,0.04,0.041,0.04,0.04,36779.99
1777258800,2026-04-27T03:00:00+00:00,0.04,0.04,0.039,0.039,474041.94
1777262400,2026-04-27T04:00:00+00:00,0.04,0.04,0.039,0.04,14114.72
1777266000,2026-04-27T05:00:00+00:00,0.039,0.039,0.039,0.039,1247.1
1777269600,2026-04-27T06:00:00+00:00,0.039,0.039,0.038,0.038,209478.31
1777273200,2026-04-27T07:00:00+00:00,0.038,0.039,0.038,0.039,32016.27
1777276800,2026-04-27T08:00:00+00:00,0.039,0.039,0.039,0.039,66215.9
1777280400,2026-04-27T09:00:00+00:00,0.039,0.039,0.038,0.038,11061.52
1777284000,2026-04-27T10:00:00+00:00,0.039,0.039,0.038,0.038,15412.09
1777287600,2026-04-27T11:00:00+00:00,0.038,0.039,0.038,0.039,4933.45
1777291200,2026-04-27T12:00:00+00:00,0.038,0.039,0.038,0.038,15387.86
1777294800,2026-04-27T13:00:00+00:00,0.038,0.039,0.038,0.039,124105.2
1777298400,2026-04-27T14:00:00+00:00,0.038,0.039,0.038,0.038,1028397.04
1777302000,2026-04-27T15:00:00+00:00,0.039,0.039,0.037,0.038,635367.93
1777305600,2026-04-27T16:00:00+00:00,0.038,0.038,0.037,0.038,903018.74
1777309200,2026-04-27T17:00:00+00:00,0.038,0.039,0.038,0.038,870911.18
1777312800,2026-04-27T18:00:00+00:00,0.038,0.039,0.037,0.038,1425019.43
1777316400,2026-04-27T19:00:00+00:00,0.038,0.038,0.037,0.038,610389.1
1777320000,2026-04-27T20:00:00+00:00,0.038,0.038,0.038,0.038,564706.32
1777323600,2026-04-27T21:00:00+00:00,0.038,0.039,0.037,0.037,1185516.73
1777327200,2026-04-27T22:00:00+00:00,0.038,0.039,0.038,0.039,391572.95
1777330800,2026-04-27T23:00:00+00:00,0.038,0.039,0.038,0.038,4643.75
1777334400,2026-04-28T00:00:00+00:00,0.038,0.039,0.038,0.039,5407.5
1777338000,2026-04-28T01:00:00+00:00,0.038,0.039,0.038,0.039,9992.73
1777341600,2026-04-28T02:00:00+00:00,0.039,0.039,0.038,0.039,43763.56
1777345200,2026-04-28T03:00:00+00:00,0.039,0.039,0.038,0.039,16463.32
1777348800,2026-04-28T04:00:00+00:00,0.039,0.039,0.039,0.039,1190.74
1777352400,2026-04-28T05:00:00+00:00,0.039,0.039,0.038,0.039,1817.66
1777356000,2026-04-28T06:00:00+00:00,0.038,0.038,0.038,0.038,3601.97
1777359600,2026-04-28T07:00:00+00:00,0.039,0.039,0.039,0.039,2530.62
1777363200,2026-04-28T08:00:00+00:00,0.038,0.039,0.038,0.039,15050.52
1777370400,2026-04-28T10:00:00+00:00,0.039,0.039,0.038,0.038,21135.54
1777374000,2026-04-28T11:00:00+00:00,0.039,0.039,0.038,0.038,2344576.95
1777377600,2026-04-28T12:00:00+00:00,0.037,0.038,0.037,0.038,619504.83
1777381200,2026-04-28T13:00:00+00:00,0.038,0.039,0.038,0.038,1013103.91
1777384800,2026-04-28T14:00:00+00:00,0.038,0.039,0.038,0.038,1189656.25
1777388400,2026-04-28T15:00:00+00:00,0.038,0.039,0.038,0.038,56211.39
1777392000,2026-04-28T16:00:00+00:00,0.038,0.039,0.038,0.038,42300.85
1777395600,2026-04-28T17:00:00+00:00,0.038,0.039,0.038,0.038,68453.82
1777399200,2026-04-28T18:00:00+00:00,0.038,0.04,0.038,0.039,1870091.4
1777402800,2026-04-28T19:00:00+00:00,0.04,0.04,0.039,0.039,50794.9
1777406400,2026-04-28T20:00:00+00:00,0.039,0.039,0.038,0.039,1616861.78
1777410000,2026-04-28T21:00:00+00:00,0.039,0.04,0.038,0.038,438823.89
1777413600,2026-04-28T22:00:00+00:00,0.039,0.04,0.038,0.038,330075.01
1777417200,2026-04-28T23:00:00+00:00,0.038,0.039,0.038,0.038,83250.61
1777420800,2026-04-29T00:00:00+00:00,0.039,0.04,0.038,0.039,393487.65
1777424400,2026-04-29T01:00:00+00:00,0.039,0.04,0.039,0.039,342370.98
1777428000,2026-04-29T02:00:00+00:00,0.039,0.04,0.039,0.039,99943.07
1777431600,2026-04-29T03:00:00+00:00,0.039,0.04,0.039,0.039,40069.29
1777435200,2026-04-29T04:00:00+00:00,0.04,0.041,0.039,0.04,2495583.88
1777438800,2026-04-29T05:00:00+00:00,0.04,0.041,0.04,0.04,1147960.15
1777442400,2026-04-29T06:00:00+00:00,0.04,0.041,0.039,0.039,1389869.41
1777446000,2026-04-29T07:00:00+00:00,0.039,0.04,0.039,0.039,45004.64
1777449600,2026-04-29T08:00:00+00:00,0.039,0.04,0.039,0.039,44874.87
1777453200,2026-04-29T09:00:00+00:00,0.04,0.04,0.039,0.04,199186.01
1777456800,2026-04-29T10:00:00+00:00,0.04,0.041,0.04,0.04,62961.41
1777460400,2026-04-29T11:00:00+00:00,0.04,0.041,0.039,0.04,956936.56
1777464000,2026-04-29T12:00:00+00:00,0.04,0.04,0.039,0.04,185960.3
1777467600,2026-04-29T13:00:00+00:00,0.039,0.04,0.039,0.039,45123.39
1777471200,2026-04-29T14:00:00+00:00,0.039,0.04,0.039,0.04,112707.91
1777474800,2026-04-29T15:00:00+00:00,0.039,0.039,0.038,0.039,2498059.35
1777478400,2026-04-29T16:00:00+00:00,0.039,0.039,0.038,0.038,1189080.94
1777482000,2026-04-29T17:00:00+00:00,0.039,0.039,0.038,0.039,495122.38
1777485600,2026-04-29T18:00:00+00:00,0.039,0.039,0.038,0.039,3494398.48
1777489200,2026-04-29T19:00:00+00:00,0.039,0.039,0.038,0.039,3628.75
1777492800,2026-04-29T20:00:00+00:00,0.039,0.039,0.038,0.038,3698.85
1777496400,2026-04-29T21:00:00+00:00,0.039,0.039,0.038,0.038,12263.56
1777500000,2026-04-29T22:00:00+00:00,0.038,0.038,0.038,0.038,12204.22
1777503600,2026-04-29T23:00:00+00:00,0.039,0.039,0.038,0.039,401.96
1777507200,2026-04-30T00:00:00+00:00,0.038,0.039,0.038,0.039,5507.84
1777510800,2026-04-30T01:00:00+00:00,0.038,0.039,0.038,0.039,102158.55
1777521600,2026-04-30T04:00:00+00:00,0.039,0.039,0.038,0.039,2035.82
1777525200,2026-04-30T05:00:00+00:00,0.038,0.039,0.038,0.039,13392.61
1777532400,2026-04-30T07:00:00+00:00,0.039,0.04,0.039,0.04,1550348.85
1777536000,2026-04-30T08:00:00+00:00,0.039,0.04,0.039,0.04,54062.89
1777539600,2026-04-30T09:00:00+00:00,0.04,0.04,0.039,0.04,3718.93
1777543200,2026-04-30T10:00:00+00:00,0.04,0.04,0.039,0.039,43133.52
1777546800,2026-04-30T11:00:00+00:00,0.039,0.04,0.039,0.039,2068743.36
1777550400,2026-04-30T12:00:00+00:00,0.04,0.04,0.039,0.039,520732.9
1777554000,2026-04-30T13:00:00+00:00,0.04,0.04,0.038,0.04,3258516.29
1777557600,2026-04-30T14:00:00+00:00,0.039,0.04,0.039,0.039,1324141.17
1777561200,2026-04-30T15:00:00+00:00,0.039,0.039,0.038,0.039,7576.27
1777564800,2026-04-30T16:00:00+00:00,0.039,0.039,0.038,0.039,568245.05
1777568400,2026-04-30T17:00:00+00:00,0.038,0.039,0.038,0.039,25816.84
1777572000,2026-04-30T18:00:00+00:00,0.038,0.039,0.038,0.038,5959.45
1777575600,2026-04-30T19:00:00+00:00,0.039,0.039,0.039,0.039,31915.66
1777579200,2026-04-30T20:00:00+00:00,0.038,0.039,0.038,0.038,12526.3
1777582800,2026-04-30T21:00:00+00:00,0.039,0.039,0.038,0.039,5589.41
1777586400,2026-04-30T22:00:00+00:00,0.038,0.039,0.038,0.038,5107.91
1777590000,2026-04-30T23:00:00+00:00,0.039,0.039,0.038,0.039,5961.94
1777593600,2026-05-01T00:00:00+00:00,0.038,0.039,0.038,0.038,16653.08
1777597200,2026-05-01T01:00:00+00:00,0.039,0.039,0.038,0.038,13810.94
1777600800,2026-05-01T02:00:00+00:00,0.039,0.039,0.038,0.039,1099186.79
1777604400,2026-05-01T03:00:00+00:00,0.039,0.04,0.039,0.04,603408.97
1777608000,2026-05-01T04:00:00+00:00,0.04,0.04,0.039,0.04,46614.15
1777611600,2026-05-01T05:00:00+00:00,0.04,0.04,0.039,0.04,2458.27
1777615200,2026-05-01T06:00:00+00:00,0.039,0.04,0.039,0.04,904.09
1777618800,2026-05-01T07:00:00+00:00,0.039,0.04,0.039,0.04,9051.15
1777622400,2026-05-01T08:00:00+00:00,0.04,0.04,0.039,0.04,68774.62
1777626000,2026-05-01T09:00:00+00:00,0.039,0.04,0.039,0.039,2542.5
1777629600,2026-05-01T10:00:00+00:00,0.04,0.04,0.039,0.039,779314.84
1777633200,2026-05-01T11:00:00+00:00,0.039,0.04,0.039,0.039,867235.29
1777636800,2026-05-01T12:00:00+00:00,0.039,0.04,0.039,0.04,1561109.4
1777640400,2026-05-01T13:00:00+00:00,0.039,0.04,0.039,0.039,12673.93
1777644000,2026-05-01T14:00:00+00:00,0.04,0.04,0.039,0.039,93696.28
1777647600,2026-05-01T15:00:00+00:00,0.039,0.04,0.039,0.04,2091.61
1777651200,2026-05-01T16:00:00+00:00,0.04,0.04,0.039,0.04,46940.08
1777654800,2026-05-01T17:00:00+00:00,0.04,0.04,0.039,0.04,1426.1
1777658400,2026-05-01T18:00:00+00:00,0.04,0.04,0.039,0.039,123253.77
1777662000,2026-05-01T19:00:00+00:00,0.04,0.04,0.039,0.039,3891.7
1777665600,2026-05-01T20:00:00+00:00,0.04,0.04,0.038,0.04,3718047.65
1777669200,2026-05-01T21:00:00+00:00,0.039,0.04,0.039,0.039,58343.53
1777672800,2026-05-01T22:00:00+00:00,0.039,0.04,0.039,0.04,5225.98
1777676400,2026-05-01T23:00:00+00:00,0.039,0.04,0.039,0.04,280.61
1777680000,2026-05-02T00:00:00+00:00,0.04,0.04,0.04,0.04,47407.99
1777687200,2026-05-02T02:00:00+00:00,0.04,0.04,0.039,0.039,9574.37
1777690800,2026-05-02T03:00:00+00:00,0.04,0.04,0.04,0.04,2890.76
1777694400,2026-05-02T04:00:00+00:00,0.04,0.04,0.039,0.04,9099.68
1777698000,2026-05-02T05:00:00+00:00,0.039,0.04,0.039,0.039,666.63
1777701600,2026-05-02T06:00:00+00:00,0.039,0.04,0.039,0.04,3984.91
1777708800,2026-05-02T08:00:00+00:00,0.04,0.04,0.039,0.039,5330.81
1777712400,2026-05-02T09:00:00+00:00,0.04,0.04,0.039,0.039,1982.76
1777716000,2026-05-02T10:00:00+00:00,0.04,0.04,0.039,0.039,2324.44
1777719600,2026-05-02T11:00:00+00:00,0.039,0.04,0.039,0.04,15489.07
1777723200,2026-05-02T12:00:00+00:00,0.039,0.04,0.039,0.039,1288.87
1777726800,2026-05-02T13:00:00+00:00,0.04,0.04,0.039,0.04,5679.15
1777730400,2026-05-02T14:00:00+00:00,0.04,0.04,0.039,0.039,2123.26
1777734000,2026-05-02T15:00:00+00:00,0.04,0.04,0.039,0.04,3385.69
1777737600,2026-05-02T16:00:00+00:00,0.04,0.04,0.039,0.04,104425.72
1777741200,2026-05-02T17:00:00+00:00,0.039,0.04,0.039,0.04,871346.46
1777744800,2026-05-02T18:00:00+00:00,0.04,0.04,0.04,0.04,75642.67
1777748400,2026-05-02T19:00:00+00:00,0.04,0.041,0.039,0.04,2146438.87
1777752000,2026-05-02T20:00:00+00:00,0.04,0.04,0.039,0.039,94665.25
1777755600,2026-05-02T21:00:00+00:00,0.039,0.04,0.039,0.04,1452677.07
1777759200,2026-05-02T22:00:00+00:00,0.041,0.041,0.04,0.04,109580.36
1777762800,2026-05-02T23:00:00+00:00,0.04,0.04,0.04,0.04,19072.62
1777773600,2026-05-03T02:00:00+00:00,0.04,0.04,0.039,0.039,660.05
1777777200,2026-05-03T03:00:00+00:00,0.04,0.04,0.039,0.039,1085.67
1777780800,2026-05-03T04:00:00+00:00,0.04,0.04,0.04,0.04,687.49
1777784400,2026-05-03T05:00:00+00:00,0.04,0.04,0.039,0.039,10374.83
1777788000,2026-05-03T06:00:00+00:00,0.039,0.04,0.039,0.04,200.7
1777791600,2026-05-03T07:00:00+00:00,0.039,0.04,0.039,0.039,5521.36
1777798800,2026-05-03T09:00:00+00:00,0.04,0.04,0.039,0.039,168371.43
1777802400,2026-05-03T10:00:00+00:00,0.039,0.039,0.039,0.039,1090106.43
1777806000,2026-05-03T11:00:00+00:00,0.039,0.039,0.039,0.039,1470976.02
1777809600,2026-05-03T12:00:00+00:00,0.039,0.039,0.039,0.039,328727.7
1777813200,2026-05-03T13:00:00+00:00,0.039,0.04,0.038,0.038,1808325.74
1777816800,2026-05-03T14:00:00+00:00,0.039,0.039,0.038,0.038,33396.76
1777820400,2026-05-03T15:00:00+00:00,0.038,0.039,0.038,0.039,2082.69
1777824000,2026-05-03T16:00:00+00:00,0.039,0.039,0.038,0.038,46182.92
1777827600,2026-05-03T17:00:00+00:00,0.039,0.039,0.039,0.039,2798.74
1777831200,2026-05-03T18:00:00+00:00,0.039,0.039,0.038,0.039,6222.36
1777838400,2026-05-03T20:00:00+00:00,0.038,0.039,0.038,0.039,369417.51
1777842000,2026-05-03T21:00:00+00:00,0.039,0.039,0.038,0.039,9865.14
1777845600,2026-05-03T22:00:00+00:00,0.039,0.04,0.039,0.039,3029862.07
1777849200,2026-05-03T23:00:00+00:00,0.039,0.039,0.038,0.039,518490.04
1777852800,2026-05-04T00:00:00+00:00,0.038,0.04,0.038,0.04,487452.42
1777856400,2026-05-04T01:00:00+00:00,0.039,0.04,0.038,0.04,2548394.79
1777860000,2026-05-04T02:00:00+00:00,0.039,0.04,0.039,0.039,20445.39
1777863600,2026-05-04T03:00:00+00:00,0.039,0.04,0.039,0.039,46338.75
1777867200,2026-05-04T04:00:00+00:00,0.039,0.04,0.039,0.039,4184.68
1777870800,2026-05-04T05:00:00+00:00,0.04,0.04,0.039,0.04,12687.95
1777874400,2026-05-04T06:00:00+00:00,0.04,0.041,0.039,0.039,2008696.53
1777878000,2026-05-04T07:00:00+00:00,0.039,0.04,0.039,0.039,5508.04
1777881600,2026-05-04T08:00:00+00:00,0.04,0.04,0.039,0.039,223277.95
1777885200,2026-05-04T09:00:00+00:00,0.04,0.04,0.039,0.039,3167.14
1777888800,2026-05-04T10:00:00+00:00,0.039,0.039,0.038,0.039,294348.21
1777892400,2026-05-04T11:00:00+00:00,0.039,0.039,0.038,0.039,5811.35
1777899600,2026-05-04T13:00:00+00:00,0.038,0.038,0.038,0.038,68309.85
1777903200,2026-05-04T14:00:00+00:00,0.038,0.039,0.038,0.039,84114.63
1777906800,2026-05-04T15:00:00+00:00,0.039,0.039,0.038,0.039,272113.17
1777910400,2026-05-04T16:00:00+00:00,0.039,0.039,0.038,0.038,197757.18
1777914000,2026-05-04T17:00:00+00:00,0.039,0.039,0.038,0.039,651758.25
1777917600,2026-05-04T18:00:00+00:00,0.039,0.039,0.038,0.039,65613.42
1777921200,2026-05-04T19:00:00+00:00,0.038,0.039,0.038,0.039,2033.83
1777924800,2026-05-04T20:00:00+00:00,0.038,0.039,0.038,0.039,1871.03
1777928400,2026-05-04T21:00:00+00:00,0.039,0.039,0.038,0.039,7759.03
1777932000,2026-05-04T22:00:00+00:00,0.038,0.039,0.038,0.038,6823.5
1777935600,2026-05-04T23:00:00+00:00,0.038,0.038,0.038,0.038,3870.54
1777939200,2026-05-05T00:00:00+00:00,0.039,0.039,0.038,0.039,10845.49
1777942800,2026-05-05T01:00:00+00:00,0.039,0.039,0.038,0.039,1826.92
1777946400,2026-05-05T02:00:00+00:00,0.039,0.039,0.038,0.039,30670.9
1777950000,2026-05-05T03:00:00+00:00,0.039,0.039,0.038,0.038,422.43
1777953600,2026-05-05T04:00:00+00:00,0.038,0.039,0.038,0.039,8913.94
1777957200,2026-05-05T05:00:00+00:00,0.039,0.039,0.038,0.039,3489.74
1777960800,2026-05-05T06:00:00+00:00,0.039,0.039,0.038,0.038,5668.21
1777964400,2026-05-05T07:00:00+00:00,0.039,0.039,0.038,0.039,2172.75
1777968000,2026-05-05T08:00:00+00:00,0.039,0.039,0.039,0.039,205596.6
1777971600,2026-05-05T09:00:00+00:00,0.038,0.039,0.038,0.038,10582.33
1777975200,2026-05-05T10:00:00+00:00,0.039,0.039,0.039,0.039,329.31
1777978800,2026-05-05T11:00:00+00:00,0.039,0.039,0.038,0.038,212951.32
1777982400,2026-05-05T12:00:00+00:00,0.039,0.039,0.038,0.038,47539.43
1777986000,2026-05-05T13:00:00+00:00,0.039,0.039,0.038,0.039,29060.65
1777989600,2026-05-05T14:00:00+00:00,0.039,0.039,0.038,0.039,4669.84
1777993200,2026-05-05T15:00:00+00:00,0.038,0.039,0.038,0.039,704786.76
1777996800,2026-05-05T16:00:00+00:00,0.038,0.039,0.038,0.039,1463673.76
1778000400,2026-05-05T17:00:00+00:00,0.038,0.039,0.038,0.038,78005.66
1778004000,2026-05-05T18:00:00+00:00,0.038,0.039,0.038,0.039,9466.83
1778007600,2026-05-05T19:00:00+00:00,0.038,0.039,0.038,0.039,6714.04
1778011200,2026-05-05T20:00:00+00:00,0.039,0.039,0.038,0.038,15804.15
1778014800,2026-05-05T21:00:00+00:00,0.039,0.039,0.038,0.039,1826960.27
1778018400,2026-05-05T22:00:00+00:00,0.039,0.041,0.039,0.04,3145398.1
1778022000,2026-05-05T23:00:00+00:00,0.039,0.039,0.039,0.039,196438.67
1778025600,2026-05-06T00:00:00+00:00,0.039,0.04,0.039,0.04,29982.82
1778029200,2026-05-06T01:00:00+00:00,0.04,0.041,0.04,0.041,2214415.78
1778032800,2026-05-06T02:00:00+00:00,0.042,0.043,0.041,0.042,935228.73
1778036400,2026-05-06T03:00:00+00:00,0.043,0.043,0.041,0.043,2357960.44
1778040000,2026-05-06T04:00:00+00:00,0.043,0.043,0.04,0.041,333716.13
1778043600,2026-05-06T05:00:00+00:00,0.041,0.042,0.04,0.041,1803145.02
1778047200,2026-05-06T06:00:00+00:00,0.041,0.042,0.04,0.042,556761.23
1778050800,2026-05-06T07:00:00+00:00,0.042,0.043,0.042,0.043,884718.88
1778054400,2026-05-06T08:00:00+00:00,0.043,0.045,0.043,0.044,3442227.94
1778058000,2026-05-06T09:00:00+00:00,0.045,0.045,0.043,0.044,1003498.58
1778061600,2026-05-06T10:00:00+00:00,0.043,0.044,0.043,0.044,202021.94
1778065200,2026-05-06T11:00:00+00:00,0.043,0.045,0.043,0.043,1923495.02
1778068800,2026-05-06T12:00:00+00:00,0.042,0.043,0.042,0.042,1434393.91
1778072400,2026-05-06T13:00:00+00:00,0.042,0.042,0.041,0.041,416222.63
1778076000,2026-05-06T14:00:00+00:00,0.04,0.042,0.04,0.042,760709.88
1778079600,2026-05-06T15:00:00+00:00,0.042,0.042,0.041,0.041,685031.26
1778083200,2026-05-06T16:00:00+00:00,0.042,0.042,0.041,0.042,144036.58
1778086800,2026-05-06T17:00:00+00:00,0.042,0.042,0.04,0.041,1014621.19
1778090400,2026-05-06T18:00:00+00:00,0.041,0.041,0.04,0.04,1137540.25
1778094000,2026-05-06T19:00:00+00:00,0.041,0.041,0.04,0.041,8468.44
1778097600,2026-05-06T20:00:00+00:00,0.041,0.041,0.04,0.041,803001.73
1778101200,2026-05-06T21:00:00+00:00,0.041,0.042,0.041,0.042,649955.51
1778104800,2026-05-06T22:00:00+00:00,0.042,0.042,0.041,0.041,287627.04
1778108400,2026-05-06T23:00:00+00:00,0.041,0.041,0.04,0.041,274810.9
1778112000,2026-05-07T00:00:00+00:00,0.041,0.042,0.04,0.04,754375.0
1778115600,2026-05-07T01:00:00+00:00,0.041,0.041,0.04,0.04,113743.07
1778119200,2026-05-07T02:00:00+00:00,0.04,0.041,0.04,0.041,293292.36
1778122800,2026-05-07T03:00:00+00:00,0.041,0.041,0.04,0.04,41641.47
1778126400,2026-05-07T04:00:00+00:00,0.041,0.042,0.041,0.042,237685.29
1778130000,2026-05-07T05:00:00+00:00,0.042,0.042,0.042,0.042,3899.15
1778133600,2026-05-07T06:00:00+00:00,0.041,0.042,0.041,0.042,438794.48
1778137200,2026-05-07T07:00:00+00:00,0.042,0.042,0.041,0.042,193693.07
1778140800,2026-05-07T08:00:00+00:00,0.042,0.043,0.041,0.043,537107.96
1778144400,2026-05-07T09:00:00+00:00,0.043,0.043,0.042,0.043,1136.11
1778148000,2026-05-07T10:00:00+00:00,0.042,0.043,0.042,0.042,1134822.1
1778151600,2026-05-07T11:00:00+00:00,0.042,0.043,0.042,0.043,135204.76
1778155200,2026-05-07T12:00:00+00:00,0.043,0.044,0.042,0.044,909177.58
1778158800,2026-05-07T13:00:00+00:00,0.043,0.044,0.042,0.043,1398459.34
1778162400,2026-05-07T14:00:00+00:00,0.043,0.044,0.042,0.043,2129445.63
1778166000,2026-05-07T15:00:00+00:00,0.043,0.045,0.043,0.044,849149.51
1778169600,2026-05-07T16:00:00+00:00,0.044,0.045,0.044,0.044,2317267.17
1778173200,2026-05-07T17:00:00+00:00,0.044,0.044,0.042,0.044,2920305.8
1778176800,2026-05-07T18:00:00+00:00,0.044,0.045,0.043,0.045,1350563.71
1778180400,2026-05-07T19:00:00+00:00,0.044,0.046,0.043,0.046,4633017.68
1778184000,2026-05-07T20:00:00+00:00,0.046,0.046,0.045,0.046,3001280.26
1778187600,2026-05-07T21:00:00+00:00,0.045,0.048,0.045,0.047,1529946.74
1778191200,2026-05-07T22:00:00+00:00,0.046,0.047,0.046,0.046,978672.36
1778194800,2026-05-07T23:00:00+00:00,0.047,0.047,0.047,0.047,5305.87
