timestamp_ms,rate,market,funding_index,mark_price
1778212800028,-0.00001,BTC-USD,,
1778209200028,-0.000013,BTC-USD,,
1778205600027,-0.00001,BTC-USD,,
1778202000027,-0.000015,BTC-USD,,
1778198400027,-0.000013,BTC-USD,,
1778194800027,-0.000013,BTC-USD,,
1778191201011,-0.000013,BTC-USD,,
1778187600027,0.000001,BTC-USD,,
1778184000027,-0.000007,BTC-USD,,
1778180400027,-0.000008,BTC-USD,,
1778176801017,-0.000006,BTC-USD,,
1778173201022,0.000007,BTC-USD,,
1778169600028,-0.000009,BTC-USD,,
1778166000028,-0.00001,BTC-USD,,
1778162400027,-0.000022,BTC-USD,,
1778158800027,-0.000025,BTC-USD,,
1778155200027,-0.000009,BTC-USD,,
1778151601027,-0.000009,BTC-USD,,
1778148000911,-0.000009,BTC-USD,,
1778144400797,-0.000017,BTC-USD,,
1778140800032,-0.000002,BTC-USD,,
1778137200027,0.000005,BTC-USD,,
1778133600027,0.000005,BTC-USD,,
1778130000564,0,BTC-USD,,
1778126401012,-0.000001,BTC-USD,,
1778122800028,-0.000006,BTC-USD,,
1778119200028,-0.000019,BTC-USD,,
1778115600027,-0.000007,BTC-USD,,
1778112001022,-0.000009,BTC-USD,,
1778108400028,-0.00001,BTC-USD,,
1778104800028,-0.000006,BTC-USD,,
1778101201018,-0.000011,BTC-USD,,
1778097600889,-0.000011,BTC-USD,,
1778094000875,-0.000011,BTC-USD,,
1778090401025,-0.000019,BTC-USD,,
1778086801026,-0.000005,BTC-USD,,
1778083201025,0,BTC-USD,,
1778079600027,-0.000008,BTC-USD,,
1778076000482,-0.000007,BTC-USD,,
1778072400027,0.000003,BTC-USD,,
1778068800436,0.000013,BTC-USD,,
1778065201015,0.000003,BTC-USD,,
1778061600416,0.000007,BTC-USD,,
1778058000415,-0.000001,BTC-USD,,
1778054400415,0.000008,BTC-USD,,
1778050801012,-0.000006,BTC-USD,,
1778047200415,-0.000002,BTC-USD,,
1778043600884,-0.000001,BTC-USD,,
1778040001023,0.000001,BTC-USD,,
1778036400415,-0.000008,BTC-USD,,
1778032801018,-0.00001,BTC-USD,,
1778029201296,-0.000007,BTC-USD,,
1778025600415,-0.000008,BTC-USD,,
1778022001027,-0.000011,BTC-USD,,
1778018401341,-0.000001,BTC-USD,,
1778014800896,-0.000007,BTC-USD,,
1778011200627,-0.000017,BTC-USD,,
1778007601015,-0.000014,BTC-USD,,
1778004001027,-0.000006,BTC-USD,,
1778000400169,-0.000005708,BTC-USD,,
1777997715170,0,BTC-USD,,
1777990933500,0,BTC-USD,,
1777986000999,-0.000005,BTC-USD,,
1777982401029,-0.000002,BTC-USD,,
1777978801013,0.000005,BTC-USD,,
1777975201748,0.00001,BTC-USD,,
1777971601895,0.000001,BTC-USD,,
1777968001822,0.000008,BTC-USD,,
1777964400000,-0.000003,BTC-USD,,
1777960801024,-0.000004,BTC-USD,,
1777957201891,0.000004,BTC-USD,,
1777953600999,0.000004,BTC-USD,,
1777950001950,-0.000007,BTC-USD,,
1777946400999,-0.000023,BTC-USD,,
1777942800999,-0.000019,BTC-USD,,
1777939200999,-0.000012,BTC-USD,,
1777935600999,-0.000024,BTC-USD,,
1777932001689,-0.00002,BTC-USD,,
1777928400000,-0.000015,BTC-USD,,
1777924801000,-0.00002,BTC-USD,,
1777921201319,-0.000023,BTC-USD,,
1777917601764,-0.000014,BTC-USD,,
1777914001026,-0.000032,BTC-USD,,
1777910400999,-0.000015,BTC-USD,,
1777906800000,-0.000007,BTC-USD,,
1777903201030,0.000013,BTC-USD,,
1777899600999,0.000013,BTC-USD,,
1777896000999,0.000013,BTC-USD,,
1777892400000,0.000013,BTC-USD,,
1777888800999,0.000012,BTC-USD,,
1777885200999,-0.000001,BTC-USD,,
1777881601594,-0.000006,BTC-USD,,
1777878000000,-0.000018,BTC-USD,,
1777874401722,-0.000033,BTC-USD,,
1777870801000,-0.000023,BTC-USD,,
1777867200999,-0.000017,BTC-USD,,
1777863600999,-0.000018,BTC-USD,,
1777860001526,-0.000006,BTC-USD,,
1777856401018,-0.000011,BTC-USD,,
1777852801502,-0.00001,BTC-USD,,
1777849201813,0.000002,BTC-USD,,
1777845601023,-0.000008,BTC-USD,,
1777842001960,-0.000007,BTC-USD,,
1777838401954,-0.000006,BTC-USD,,
1777834801011,-0.000007,BTC-USD,,
1777831201812,-0.000011,BTC-USD,,
1777827601020,-0.000011,BTC-USD,,
1777824001328,-0.000021,BTC-USD,,
1777820401139,0.000005,BTC-USD,,
1777816801461,0.000007,BTC-USD,,
1777813200000,0.000013,BTC-USD,,
1777809601017,0.000013,BTC-USD,,
1777806001579,0.000007,BTC-USD,,
1777802401023,0.000011,BTC-USD,,
1777798801746,0.000013,BTC-USD,,
1777795201025,0.000013,BTC-USD,,
1777791601239,0.000013,BTC-USD,,
1777788000999,0.000013,BTC-USD,,
1777784401035,0.000013,BTC-USD,,
1777780801606,0.000008,BTC-USD,,
1777777201016,0.000006,BTC-USD,,
1777773600000,-0.000012,BTC-USD,,
1777770000999,-0.000024,BTC-USD,,
1777766401029,-0.000007,BTC-USD,,
1777762800999,-0.000011,BTC-USD,,
1777759201308,0.000013,BTC-USD,,
1777755600999,0.000013,BTC-USD,,
1777752001673,0.000012,BTC-USD,,
1777748401955,0.000002,BTC-USD,,
1777744801000,0.000004,BTC-USD,,
1777741201985,0.000013,BTC-USD,,
1777737601594,0.000006,BTC-USD,,
1777734001000,0.000011,BTC-USD,,
1777730401000,0.000013,BTC-USD,,
1777726800999,-0.000003,BTC-USD,,
1777723200000,0.000008,BTC-USD,,
1777719601670,0.000001,BTC-USD,,
1777716000822,0.000003,BTC-USD,,
1777712400822,0.000008,BTC-USD,,
1777708800823,0.000013,BTC-USD,,
1777705201602,0.000003,BTC-USD,,
1777701601580,0.000004,BTC-USD,,
1777698000822,0.00001,BTC-USD,,
1777694401013,0.000013,BTC-USD,,
1777690800822,-0.000001,BTC-USD,,
1777687201016,0.000006,BTC-USD,,
1777683601259,0.000013,BTC-USD,,
1777680000822,0.000013,BTC-USD,,
1777676400822,0.000013,BTC-USD,,
1777672800822,0.000003,BTC-USD,,
1777669201728,0.000011,BTC-USD,,
1777665600822,-0.000003,BTC-USD,,
1777662000854,0.00001,BTC-USD,,
1777658400822,0.000004,BTC-USD,,
1777654801769,0,BTC-USD,,
1777651201741,-0.000018,BTC-USD,,
1777647600823,-0.000007,BTC-USD,,
1777644000823,0,BTC-USD,,
1777640400823,-0.000001,BTC-USD,,
1777636801466,0.000013,BTC-USD,,
1777633201648,0.000013,BTC-USD,,
1777629600822,0.000013,BTC-USD,,
1777626001015,0.000013,BTC-USD,,
1777622401011,0.00001,BTC-USD,,
1777618800822,0.000004,BTC-USD,,
1777615200822,0.000001,BTC-USD,,
1777611600823,0.000004,BTC-USD,,
1777608001405,0.000003,BTC-USD,,
1777604401012,0.000009,BTC-USD,,
1777600801634,0.000007,BTC-USD,,
1777597200822,0.000011,BTC-USD,,
1777593601545,0.000009,BTC-USD,,
1777590001748,0.000013,BTC-USD,,
1777586400822,0.000013,BTC-USD,,
1777582800823,0.000013,BTC-USD,,
1777579200822,0,BTC-USD,,
1777575600823,-0.000004,BTC-USD,,
1777572000822,0.000013,BTC-USD,,
1777568401028,0.000013,BTC-USD,,
1777564800822,-0.000012,BTC-USD,,
1777561201015,0.000002,BTC-USD,,
1777557601473,0.000003,BTC-USD,,
1777554000822,0.000001,BTC-USD,,
1777550400987,0.000013,BTC-USD,,
1777546801024,0.000013,BTC-USD,,
1777543201732,0.000013,BTC-USD,,
1777539601024,0.000013,BTC-USD,,
1777536001801,0.000009,BTC-USD,,
1777532401035,0.00001,BTC-USD,,
1777528801025,0.000013,BTC-USD,,
1777525200822,0.000006,BTC-USD,,
1777521600823,0.000001,BTC-USD,,
1777518000967,0.000003,BTC-USD,,
1777514401013,0.000004,BTC-USD,,
1777510800822,0.000005,BTC-USD,,
1777507201028,0.000008,BTC-USD,,
1777503601030,0.000013,BTC-USD,,
1777500001761,0.000013,BTC-USD,,
1777496401728,0.000013,BTC-USD,,
1777492800823,0.000013,BTC-USD,,
1777489201235,0.000013,BTC-USD,,
1777485601405,0.000013,BTC-USD,,
1777482000898,0.000013,BTC-USD,,
1777478400822,0.000013,BTC-USD,,
1777474800822,0.000013,BTC-USD,,
1777471201025,0.000008,BTC-USD,,
1777467600823,0.000004,BTC-USD,,
1777464000822,0.000013,BTC-USD,,
1777460401024,0.000013,BTC-USD,,
1777456800823,0.000009,BTC-USD,,
1777453200822,0.000013,BTC-USD,,
1777449601011,0.000013,BTC-USD,,
1777446000823,0.000008,BTC-USD,,
1777442400823,0.000013,BTC-USD,,
1777438801729,0.000013,BTC-USD,,
1777435201802,0.000013,BTC-USD,,
1777431601019,0.00001,BTC-USD,,
1777428000823,0.000011,BTC-USD,,
1777424400823,0.000013,BTC-USD,,
1777420801025,0.000004,BTC-USD,,
1777417200823,0.000013,BTC-USD,,
1777413601541,0.000012,BTC-USD,,
1777410001019,-0.000001,BTC-USD,,
1777406401015,0.000013,BTC-USD,,
1777402801022,0.000013,BTC-USD,,
1777399200794,0.000013,BTC-USD,,
1777395601104,0.000013,BTC-USD,,
1777392000740,0.000007,BTC-USD,,
1777388401229,0.000013,BTC-USD,,
1777384801023,0.000012,BTC-USD,,
1777381200343,0.00001,BTC-USD,,
1777377601027,0.000011,BTC-USD,,
1777374000342,-0.000003,BTC-USD,,
1777370400342,0.000008,BTC-USD,,
1777366800343,-0.000004,BTC-USD,,
1777363200675,-0.000008,BTC-USD,,
1777359601013,0,BTC-USD,,
1777356000343,0.000001,BTC-USD,,
1777352401013,-0.000006,BTC-USD,,
1777348801028,-0.000003,BTC-USD,,
1777345201018,0.000007,BTC-USD,,
1777341601019,0,BTC-USD,,
1777338001032,0,BTC-USD,,
1777334401026,0.000013,BTC-USD,,
1777330801011,0.000007,BTC-USD,,
1777327200342,0.000013,BTC-USD,,
1777323600342,0.000003,BTC-USD,,
1777320000722,0.000013,BTC-USD,,
1777316400934,0.000013,BTC-USD,,
1777312801025,0.000013,BTC-USD,,
1777309201012,0.000013,BTC-USD,,
1777305600343,0.000013,BTC-USD,,
1777302000342,0.000005,BTC-USD,,
1777298401322,-0.00001,BTC-USD,,
1777294801026,0,BTC-USD,,
1777291201013,-0.000004,BTC-USD,,
1777287601031,-0.000009,BTC-USD,,
1777284000342,0.000005,BTC-USD,,
1777280400342,0.000001,BTC-USD,,
1777276801300,0.000003,BTC-USD,,
1777273200518,0.000006,BTC-USD,,
1777269601240,-0.000008,BTC-USD,,
1777266000347,0.000004,BTC-USD,,
1777262400760,-0.000006,BTC-USD,,
1777258800343,-0.000003,BTC-USD,,
1777255200731,-0.000001,BTC-USD,,
1777251600622,-0.000005,BTC-USD,,
1777248000342,-0.000002,BTC-USD,,
1777244400342,-0.000008,BTC-USD,,
1777240801228,-0.000007,BTC-USD,,
1777237200342,-0.000006,BTC-USD,,
1777233600804,-0.000008,BTC-USD,,
1777230000761,-0.000009,BTC-USD,,
1777226401224,0.000001,BTC-USD,,
1777222800342,0,BTC-USD,,
1777219200343,-0.000007,BTC-USD,,
1777215600343,0.000002,BTC-USD,,
1777212000753,0.000006,BTC-USD,,
1777208401035,0.000004,BTC-USD,,
1777204800759,0.000011,BTC-USD,,
1777201200343,0.000004,BTC-USD,,
1777197600756,-0.00001,BTC-USD,,
1777194000759,-0.000008,BTC-USD,,
1777190400343,-0.000012,BTC-USD,,
1777186800343,-0.00002,BTC-USD,,
1777183200343,-0.000023,BTC-USD,,
1777179600342,-0.000036,BTC-USD,,
1777176001324,-0.000018,BTC-USD,,
1777172400342,-0.000015,BTC-USD,,
1777168800342,-0.000017,BTC-USD,,
1777165201184,-0.000018,BTC-USD,,
1777161600342,-0.000018,BTC-USD,,
1777158001236,-0.000012,BTC-USD,,
1777154400840,-0.000014,BTC-USD,,
1777150800343,-0.000015,BTC-USD,,
1777147200343,-0.000018,BTC-USD,,
1777143601013,-0.000022,BTC-USD,,
1777140000342,-0.000003,BTC-USD,,
1777136400343,-0.000011,BTC-USD,,
1777132800343,0.000002,BTC-USD,,
1777129200343,-0.000002,BTC-USD,,
1777125600342,0.000002,BTC-USD,,
1777122001025,0.000013,BTC-USD,,
1777118401029,0.000004,BTC-USD,,
1777114801228,0.000009,BTC-USD,,
1777111201300,0.00001,BTC-USD,,
1777107601232,0.000007,BTC-USD,,
1777104000343,0.000003,BTC-USD,,
1777100400760,0.000013,BTC-USD,,
1777096800342,0.000011,BTC-USD,,
1777093200343,0.000009,BTC-USD,,
1777089600342,0.000007,BTC-USD,,
1777086000342,0.000004,BTC-USD,,
1777082400762,0.000007,BTC-USD,,
1777078800342,-0.000025,BTC-USD,,
1777075200917,-0.000028,BTC-USD,,
1777071600762,-0.000003,BTC-USD,,
1777068000757,-0.000017,BTC-USD,,
1777064400343,-0.000012,BTC-USD,,
1777060801295,-0.000011,BTC-USD,,
1777057200342,-0.000017,BTC-USD,,
1777053600343,-0.00001,BTC-USD,,
1777050000342,-0.000006,BTC-USD,,
1777046400342,-0.000029,BTC-USD,,
1777042801023,-0.000029,BTC-USD,,
1777039200968,-0.000014,BTC-USD,,
1777035601020,-0.000013,BTC-USD,,
1777032001030,-0.00001,BTC-USD,,
1777028400937,-0.000018,BTC-USD,,
1777024800465,-0.000017,BTC-USD,,
1777021201022,-0.000017,BTC-USD,,
1777017600342,-0.000017,BTC-USD,,
1777014001026,-0.000013,BTC-USD,,
1777010400342,-0.000023,BTC-USD,,
1777006800342,-0.00003,BTC-USD,,
1777003201026,-0.000036,BTC-USD,,
1776999600342,-0.000037,BTC-USD,,
1776996001028,-0.000032,BTC-USD,,
1776992401030,-0.000021,BTC-USD,,
1776988801044,-0.00003,BTC-USD,,
1776985201017,-0.000041,BTC-USD,,
1776981600722,-0.00003,BTC-USD,,
1776978001022,-0.000037,BTC-USD,,
1776974400362,-0.000028,BTC-USD,,
1776970800362,-0.000003,BTC-USD,,
1776967200363,-0.000022,BTC-USD,,
1776963600362,-0.00001,BTC-USD,,
1776960000362,-0.000005,BTC-USD,,
1776956400987,0.000013,BTC-USD,,
1776952801021,0.000005,BTC-USD,,
1776949200362,-0.000005,BTC-USD,,
1776945600362,0.000011,BTC-USD,,
1776942001319,0.000006,BTC-USD,,
1776938401277,0.000007,BTC-USD,,
1776934801024,0.000013,BTC-USD,,
1776931201018,0.000011,BTC-USD,,
1776927601024,0.000013,BTC-USD,,
1776924000362,0.000013,BTC-USD,,
1776920400362,0.000012,BTC-USD,,
1776916800362,0,BTC-USD,,
1776913201024,-0.000004,BTC-USD,,
1776909600362,0.000006,BTC-USD,,
1776906000362,0.000009,BTC-USD,,
1776902401032,-0.000019,BTC-USD,,
1776898800363,-0.000016,BTC-USD,,
1776895201019,-0.00002,BTC-USD,,
1776891600869,-0.000017,BTC-USD,,
1776888000363,-0.000015,BTC-USD,,
1776884401210,0.000001,BTC-USD,,
1776880800888,-0.000008,BTC-USD,,
1776877201020,-0.000019,BTC-USD,,
1776873600362,-0.000018,BTC-USD,,
1776870000965,-0.000011,BTC-USD,,
1776866400362,-0.000004,BTC-USD,,
1776862800362,-0.000006,BTC-USD,,
1776859201024,0,BTC-USD,,
1776855601355,0.000002,BTC-USD,,
1776852001036,0.000004,BTC-USD,,
1776848401009,0.00001,BTC-USD,,
1776844801021,0.000003,BTC-USD,,
1776841200362,0.000001,BTC-USD,,
1776837600715,0.000013,BTC-USD,,
1776834001159,0.000013,BTC-USD,,
1776830401027,0.000013,BTC-USD,,
1776826801023,0.000013,BTC-USD,,
1776823201026,0.000013,BTC-USD,,
1776819601298,0.000013,BTC-USD,,
1776816001020,0.000012,BTC-USD,,
1776812400679,0.000002,BTC-USD,,
1776808800620,0.000004,BTC-USD,,
1776805200362,0.000007,BTC-USD,,
1776801601060,0.000008,BTC-USD,,
1776798001028,0.000013,BTC-USD,,
1776794400362,0.000013,BTC-USD,,
1776790800704,0.000013,BTC-USD,,
1776787200363,0.000013,BTC-USD,,
1776783600362,0,BTC-USD,,
1776780000362,-0.000002,BTC-USD,,
1776776400731,-0.000002,BTC-USD,,
1776772800362,0.000009,BTC-USD,,
1776769201029,0.000008,BTC-USD,,
1776765601339,0.000012,BTC-USD,,
1776762001015,0.000002,BTC-USD,,
1776758400926,0.000008,BTC-USD,,
1776754801014,0.000013,BTC-USD,,
1776751201026,0.000013,BTC-USD,,
1776747601016,0.000013,BTC-USD,,
1776744001025,0.000013,BTC-USD,,
1776740400362,0.000013,BTC-USD,,
1776736800362,-0.000019,BTC-USD,,
1776733201030,-0.00001,BTC-USD,,
1776729600362,-0.000014,BTC-USD,,
1776726001035,-0.000002,BTC-USD,,
1776722401018,-0.000015,BTC-USD,,
1776718801048,-0.000019,BTC-USD,,
1776715200362,-0.000018,BTC-USD,,
1776711600652,0.000004,BTC-USD,,
1776708001293,0.000006,BTC-USD,,
1776704401023,0.000013,BTC-USD,,
1776700801248,0.000013,BTC-USD,,
1776697200362,0.000013,BTC-USD,,
1776693600362,0.000013,BTC-USD,,
1776690000362,0.000013,BTC-USD,,
1776686401019,0.000013,BTC-USD,,
1776682800362,0.000013,BTC-USD,,
1776679200362,0.000013,BTC-USD,,
1776675600362,0.000013,BTC-USD,,
1776672000773,0.000013,BTC-USD,,
1776668400362,0.000013,BTC-USD,,
1776664801019,0.000013,BTC-USD,,
1776661201021,0.000013,BTC-USD,,
1776657601020,-0.000011,BTC-USD,,
1776654000362,-0.000011,BTC-USD,,
1776650401023,-0.000016,BTC-USD,,
1776646800362,-0.000018,BTC-USD,,
1776643200362,-0.000016,BTC-USD,,
1776639601028,-0.000002,BTC-USD,,
1776636000363,0.000001,BTC-USD,,
1776632400723,-0.000003,BTC-USD,,
1776628800561,-0.000002,BTC-USD,,
1776625200561,-0.000016,BTC-USD,,
1776621601020,-0.000005,BTC-USD,,
1776618001028,-0.000005,BTC-USD,,
1776614400561,-0.000011,BTC-USD,,
1776610800561,-0.00002,BTC-USD,,
1776607201030,-0.000019,BTC-USD,,
1776603601020,-0.000003,BTC-USD,,
1776600000561,-0.000005,BTC-USD,,
1776596400561,0,BTC-USD,,
1776592800561,-0.000012,BTC-USD,,
1776589201017,-0.00001,BTC-USD,,
1776585601022,-0.000019,BTC-USD,,
1776582001336,-0.00002,BTC-USD,,
1776578400561,-0.000018,BTC-USD,,
1776574800561,-0.000017,BTC-USD,,
1776571201023,-0.000018,BTC-USD,,
1776567600561,-0.000014,BTC-USD,,
1776564001017,-0.000004,BTC-USD,,
1776560401387,-0.000021,BTC-USD,,
1776556800561,-0.000017,BTC-USD,,
1776553200561,-0.000028,BTC-USD,,
1776549601037,-0.000026,BTC-USD,,
1776546001027,-0.000011,BTC-USD,,
1776542400561,-0.000013,BTC-USD,,
1776538801373,-0.000012,BTC-USD,,
1776535201452,-0.000015,BTC-USD,,
1776531600561,-0.000008,BTC-USD,,
1776528000940,-0.000001,BTC-USD,,
1776524400561,-0.000016,BTC-USD,,
1776520801022,-0.000018,BTC-USD,,
1776517201012,-0.000011,BTC-USD,,
1776513601340,-0.000002,BTC-USD,,
1776510000561,-0.000003,BTC-USD,,
1776506400561,-0.000012,BTC-USD,,
1776502800561,-0.000002,BTC-USD,,
1776499201023,0.000007,BTC-USD,,
1776495601396,-0.000005,BTC-USD,,
1776492001014,-0.000005,BTC-USD,,
1776488400776,-0.000003,BTC-USD,,
1776484800561,-0.000003,BTC-USD,,
1776481201520,-0.000004,BTC-USD,,
1776477600561,0,BTC-USD,,
1776474000561,-0.000003,BTC-USD,,
1776470401140,-0.000005,BTC-USD,,
1776466800651,0.000001,BTC-USD,,
1776463200561,-0.000007,BTC-USD,,
1776459600561,-0.000014,BTC-USD,,
1776456000561,-0.000008,BTC-USD,,
1776452401204,-0.000017,BTC-USD,,
1776448800561,-0.000021,BTC-USD,,
1776445200995,-0.000033,BTC-USD,,
1776441600561,-0.000021,BTC-USD,,
1776438000561,-0.000013,BTC-USD,,
1776434401022,0.000007,BTC-USD,,
1776430800561,0.000001,BTC-USD,,
1776427201023,0.00001,BTC-USD,,
1776423601022,-0.000003,BTC-USD,,
1776420000561,0.000011,BTC-USD,,
1776416400617,0.000013,BTC-USD,,
1776412801015,-0.000003,BTC-USD,,
1776409201533,-0.000013,BTC-USD,,
1776405601013,-0.000014,BTC-USD,,
1776402001022,-0.000005,BTC-USD,,
1776398401027,-0.000005,BTC-USD,,
1776394801013,-0.000023,BTC-USD,,
1776391201023,-0.000024,BTC-USD,,
1776387600561,-0.000021,BTC-USD,,
1776384001024,-0.000022,BTC-USD,,
1776380401408,-0.000021,BTC-USD,,
1776376801037,0.000013,BTC-USD,,
1776373200982,0.000013,BTC-USD,,
1776369601721,0.000001,BTC-USD,,
1776366001690,0.000004,BTC-USD,,
1776362400982,0.000013,BTC-USD,,
1776358801029,0.000001,BTC-USD,,
1776355200982,0.000013,BTC-USD,,
1776351600982,0.000013,BTC-USD,,
1776348000982,-0.000011,BTC-USD,,
1776344401535,0.000003,BTC-USD,,
1776340800983,-0.000005,BTC-USD,,
1776337200982,-0.000015,BTC-USD,,
1776333600982,-0.000031,BTC-USD,,
1776330001023,-0.00004,BTC-USD,,
1776326400982,-0.000027,BTC-USD,,
1776322800982,-0.000049,BTC-USD,,
1776319201726,-0.000017,BTC-USD,,
1776315601934,-0.000007,BTC-USD,,
1776312001949,-0.000002,BTC-USD,,
1776308400982,-0.000004,BTC-USD,,
1776304801015,-0.00001,BTC-USD,,
1776301201024,-0.000006,BTC-USD,,
1776297600982,-0.000011,BTC-USD,,
1776294001361,0.000012,BTC-USD,,
1776290401902,-0.000013,BTC-USD,,
1776286801025,-0.000007,BTC-USD,,
1776283200982,-0.000011,BTC-USD,,
1776279601020,-0.000008,BTC-USD,,
1776276001961,0.000009,BTC-USD,,
1776272401696,0.000011,BTC-USD,,
1776268801211,-0.000007,BTC-USD,,
1776265200982,0.000006,BTC-USD,,
1776261601014,0.000013,BTC-USD,,
1776258001645,0.000001,BTC-USD,,
1776254400982,0.000008,BTC-USD,,
1776250800982,0.000004,BTC-USD,,
1776247201511,-0.000007,BTC-USD,,
1776243600982,-0.000003,BTC-USD,,
1776240001304,0.000001,BTC-USD,,
1776236401849,0.000006,BTC-USD,,
1776232801945,-0.000007,BTC-USD,,
1776229201029,-0.000003,BTC-USD,,
1776225601029,0,BTC-USD,,
1776222001740,-0.000002,BTC-USD,,
1776218401022,-0.000004,BTC-USD,,
1776214801816,-0.000007,BTC-USD,,
1776211200982,-0.000005,BTC-USD,,
1776207601025,0.000013,BTC-USD,,
1776204001580,0.000003,BTC-USD,,
1776200401024,-0.000007,BTC-USD,,
1776196801781,-0.000005,BTC-USD,,
1776193200982,-0.000018,BTC-USD,,
1776189601026,-0.000014,BTC-USD,,
1776186001516,-0.000011,BTC-USD,,
1776182401693,-0.000017,BTC-USD,,
1776178800982,-0.000005,BTC-USD,,
1776175200982,-0.000019,BTC-USD,,
1776171601813,0.000008,BTC-USD,,
1776168000982,0.000012,BTC-USD,,
1776164400982,0.000013,BTC-USD,,
1776160801538,0.000013,BTC-USD,,
1776157200982,-0.000002,BTC-USD,,
1776153600982,0.000005,BTC-USD,,
1776150000982,0.000007,BTC-USD,,
1776146401019,0.000009,BTC-USD,,
1776142801887,0.000006,BTC-USD,,
1776139201041,0.000003,BTC-USD,,
1776135601838,0.000012,BTC-USD,,
1776132001024,0.000011,BTC-USD,,
1776128400982,0.000013,BTC-USD,,
1776124800982,0.000013,BTC-USD,,
1776121200982,0.000003,BTC-USD,,
1776117601444,-0.000013,BTC-USD,,
1776114000982,-0.000032,BTC-USD,,
1776110400982,-0.000025,BTC-USD,,
1776106801496,-0.000045,BTC-USD,,
1776103201023,-0.000028,BTC-USD,,
1776099600982,-0.000035,BTC-USD,,
1776096001016,-0.000015,BTC-USD,,
1776092400982,-0.00001,BTC-USD,,
1776088801968,-0.000006,BTC-USD,,
1776085201814,-0.000013,BTC-USD,,
1776081601252,0.000005,BTC-USD,,
1776078001850,-0.000002,BTC-USD,,
1776074401014,-0.000002,BTC-USD,,
1776070801041,-0.000013,BTC-USD,,
1776067200982,0.000002,BTC-USD,,
1776063601033,-0.000007,BTC-USD,,
1776060001923,-0.000021,BTC-USD,,
1776056400982,-0.000013,BTC-USD,,
1776052801934,-0.000014,BTC-USD,,
1776049201982,-0.000016,BTC-USD,,
1776045600982,-0.000016,BTC-USD,,
1776042001412,-0.000008,BTC-USD,,
1776038401023,0.000002,BTC-USD,,
1776034801636,0.000013,BTC-USD,,
1776031201901,0,BTC-USD,,
1776027601620,-0.000003,BTC-USD,,
1776024001170,-0.000005,BTC-USD,,
1776020401226,0.000002,BTC-USD,,
1776016800982,-0.000004,BTC-USD,,
1776013200982,-0.00001,BTC-USD,,
1776009601660,0.000003,BTC-USD,,
1776006001773,0,BTC-USD,,
1776002400982,-0.000002,BTC-USD,,
1775998801784,0.000003,BTC-USD,,
1775995200982,-0.000012,BTC-USD,,
1775991601931,-0.000007,BTC-USD,,
1775988001204,0.000004,BTC-USD,,
1775984401736,0.000006,BTC-USD,,
1775980800982,-0.000018,BTC-USD,,
1775977201520,0.000012,BTC-USD,,
1775973600150,-0.000003,BTC-USD,,
1775970000150,-0.000007,BTC-USD,,
1775966400150,0.000006,BTC-USD,,
1775962801031,0.000002,BTC-USD,,
1775959200150,0,BTC-USD,,
1775955600151,0,BTC-USD,,
1775952000150,-0.000001,BTC-USD,,
1775948400151,-0.000001,BTC-USD,,
1775944800758,-0.000011,BTC-USD,,
1775941200798,-0.000005,BTC-USD,,
1775937600326,-0.000007,BTC-USD,,
1775934000758,-0.000009,BTC-USD,,
1775930400151,0,BTC-USD,,
1775926801028,-0.000009,BTC-USD,,
1775923201018,0.000001,BTC-USD,,
1775919600150,0.000008,BTC-USD,,
1775916000150,0.000001,BTC-USD,,
1775912400150,0.000003,BTC-USD,,
1775908800150,-0.000002,BTC-USD,,
1775905200151,-0.000001,BTC-USD,,
1775901600150,-0.000001,BTC-USD,,
1775898000151,-0.000007,BTC-USD,,
1775894400150,0.000006,BTC-USD,,
1775890801019,-0.000013,BTC-USD,,
1775887201029,-0.000016,BTC-USD,,
1775883601015,-0.000021,BTC-USD,,
1775880001021,-0.000007,BTC-USD,,
1775876401023,-0.000001,BTC-USD,,
1775872800150,-0.000017,BTC-USD,,
1775869201029,-0.000014,BTC-USD,,
1775865601021,-0.000008,BTC-USD,,
1775862000150,0.000001,BTC-USD,,
1775858401024,0.000012,BTC-USD,,
1775854800150,-0.000003,BTC-USD,,
1775851200721,-0.000023,BTC-USD,,
1775847600150,-0.000027,BTC-USD,,
1775844000636,-0.000007,BTC-USD,,
1775840400674,-0.000006,BTC-USD,,
1775836800150,-0.000003,BTC-USD,,
1775833201068,-0.000016,BTC-USD,,
1775829601027,0.000013,BTC-USD,,
1775826001033,0.000011,BTC-USD,,
1775822400150,0.000012,BTC-USD,,
1775818800150,-0.000001,BTC-USD,,
1775815200150,0.00001,BTC-USD,,
1775811601026,0.000012,BTC-USD,,
1775808001029,0.000001,BTC-USD,,
1775804400998,-0.000003,BTC-USD,,
1775800801026,-0.000003,BTC-USD,,
1775797200150,-0.000014,BTC-USD,,
1775793600762,-0.000011,BTC-USD,,
1775790001028,-0.000003,BTC-USD,,
1775786401026,-0.000005,BTC-USD,,
1775782800151,0.000003,BTC-USD,,
1775779201021,0.000007,BTC-USD,,
1775775600150,-0.000004,BTC-USD,,
1775772000150,-0.000012,BTC-USD,,
1775768400150,-0.000016,BTC-USD,,
1775764800150,-0.000005,BTC-USD,,
1775761200150,-0.000006,BTC-USD,,
1775757600150,-0.000017,BTC-USD,,
1775754001024,-0.000007,BTC-USD,,
1775750400151,-0.000013,BTC-USD,,
1775746800441,-0.000008,BTC-USD,,
1775743200150,-0.000006,BTC-USD,,
1775739600775,-0.000007,BTC-USD,,
1775736000701,0,BTC-USD,,
1775732400150,-0.000001,BTC-USD,,
1775728800150,-0.000016,BTC-USD,,
1775725201011,0.000002,BTC-USD,,
1775721601026,-0.000006,BTC-USD,,
1775718000937,-0.000012,BTC-USD,,
1775714401025,-0.000003,BTC-USD,,
1775710800896,-0.000003,BTC-USD,,
1775707201024,-0.000007,BTC-USD,,
1775703601023,0.000001,BTC-USD,,
1775700000902,-0.000011,BTC-USD,,
1775696400161,-0.000017,BTC-USD,,
1775692800434,-0.000015,BTC-USD,,
1775689200150,-0.000014,BTC-USD,,
1775685601018,-0.000008,BTC-USD,,
1775682000150,-0.000016,BTC-USD,,
1775678400150,-0.000011,BTC-USD,,
1775674801023,-0.000016,BTC-USD,,
1775671201021,-0.000011,BTC-USD,,
1775667601023,-0.000017,BTC-USD,,
1775664000150,-0.000015,BTC-USD,,
1775660400150,-0.000018,BTC-USD,,
1775656800706,-0.000007,BTC-USD,,
1775653200150,-0.00002,BTC-USD,,
1775649600206,-0.000019,BTC-USD,,
1775646000150,-0.000017,BTC-USD,,
1775642400875,-0.000003,BTC-USD,,
1775638800151,0.000001,BTC-USD,,
1775635200150,0.000006,BTC-USD,,
1775631600150,0.000004,BTC-USD,,
1775628001035,-0.000001,BTC-USD,,
1775624401018,0.000003,BTC-USD,,
